INVENTORY_YEAR;INVENTORY_MONTH;PRODUCT_NUMBER;INVENTORY_COUNT
2023;4;48;1932
2023;4;49;1400
2023;4;50;21705
2023;4;51;9710
2023;4;52;5616
2023;4;53;7060
2023;4;54;6943
2023;4;55;4432
2023;4;56;14188
2023;4;57;1599
2023;4;58;1645
2023;4;59;749
2023;4;60;8419
2023;4;61;7175
2023;4;62;2428
2023;4;63;2091
2023;4;64;4175
2023;4;65;1754
2023;4;66;576
2023;4;67;1354
2023;4;68;1576
2023;4;69;609
2023;4;70;803
2023;4;71;1009
2023;4;72;1009
2023;4;73;1508
2023;4;74;2690
2023;4;75;2416
2023;4;76;1938
2023;4;77;2354
2023;4;78;1073
2023;4;79;733
2023;4;80;889
2023;4;81;573
2023;4;82;2075
2023;4;83;2034
2023;4;84;-183
2023;4;85;1390
2023;4;86;17366
2023;4;87;19789
2023;4;88;18456
2023;4;89;21414
2023;4;90;29722
2023;4;91;14100
2023;4;92;6273
2023;4;93;17880
2023;4;94;26290
2023;4;95;20552
2023;4;96;3404
2023;4;97;1375
2023;4;98;9473
2023;4;99;4885
2023;4;100;11760
2023;4;101;985
2023;4;102;592
2023;4;103;860
2023;4;104;833
2023;4;105;699
2023;4;106;609
2023;4;107;869
2023;4;108;904
2023;4;109;4337
2023;4;110;813
2023;4;111;662
2023;4;112;3610
2023;4;113;4663
2023;4;114;736
2023;4;115;2766
2023;5;1;3087
2023;5;2;5156
2023;5;3;4422
2023;5;4;5786
2023;5;5;1466
2023;5;6;1102
2023;5;7;3075
2023;5;8;2733
2023;5;9;2393
2023;5;10;2336
2023;5;11;528
2023;5;12;996
2023;5;13;1058
2023;5;14;2816
2023;5;15;820
2023;5;16;36712
2023;5;17;4192
2023;5;18;2994
2023;5;19;2263
2023;5;20;2531
2023;5;21;2567
2023;5;22;753
2023;5;23;737
2023;5;24;2456
2023;5;25;1995
2023;5;26;1896
2023;5;27;1938
2023;5;28;1909
2023;5;29;2944
2023;5;30;3088
2023;5;31;3328
2023;5;32;8827
2023;5;33;9951
2023;5;34;6282
2023;5;35;5405
2023;5;36;7031
2023;5;37;3587
2023;5;38;2069
2023;5;39;4174
2023;5;40;6908
2023;5;41;2425
2023;5;42;3139
2023;5;43;6445
2023;5;44;5530
2023;5;45;1630
2023;5;46;1792
2023;5;47;5737
2023;5;48;1978
2023;5;49;1288
2023;5;50;20355
2023;5;51;9930
2023;5;52;5840
2023;5;53;7510
2023;5;54;7235
2023;5;55;4722
2023;5;56;13708
2023;5;57;1685
2023;5;58;1879
2023;5;59;1005
2023;5;60;10175
2023;5;61;7251
2023;5;62;2816
2023;5;63;2403
2023;5;64;4679
2023;5;65;2386
2023;5;66;680
2023;5;67;1530
2023;5;68;1690
2023;5;69;709
2023;5;70;901
2023;5;71;1073
2023;5;72;1061
2023;5;73;1878
2023;5;74;2758
2023;5;75;2446
2023;5;76;2474
2023;5;77;2600
2023;5;78;997
2023;5;79;873
2023;5;80;1075
2023;5;81;723
2023;5;82;2463
2023;5;83;2266
2023;5;84;-57
2023;5;85;1472
2023;5;86;16850
2023;5;87;19155
2023;5;88;17754
2023;5;89;20090
2023;5;90;28170
2023;5;91;12556
2023;5;92;5877
2023;5;93;16910
2023;5;94;24676
2023;5;95;18706
2023;5;96;3298
2023;5;97;1287
2023;5;98;9037
2023;5;99;4279
2023;5;100;11200
2023;5;101;941
2023;5;102;698
2023;5;103;810
2023;5;104;789
2023;5;105;713
2023;5;106;645
2023;5;107;829
2023;5;108;884
2023;5;109;4035
2023;5;110;597
2023;5;111;556
2023;5;112;3466
2023;5;113;4199
2023;5;114;706
2023;5;115;2598
2023;6;1;2693
2023;6;2;4046
2023;6;3;4738
2023;6;4;6976
2023;6;5;2274
2023;6;6;1004
2023;6;7;2907
2023;6;8;2141
2023;6;9;1901
2023;6;10;6052
2023;6;11;654
2023;6;12;1066
2023;6;13;1106
2023;6;14;3104
2023;6;15;600
2023;6;16;34978
2023;6;17;3958
2023;6;18;3228
2023;6;19;2159
2023;6;20;2053
2023;6;21;2425
2023;6;22;1385
2023;6;23;683
2023;6;24;2524
2023;6;25;2103
2023;6;26;2036
2023;6;27;1960
2023;6;28;2055
2023;6;29;4498
2023;6;30;2582
2023;6;31;4998
2023;6;32;13277
2023;6;33;7995
2023;6;34;11878
2023;6;35;8151
2023;6;36;6007
2023;6;37;3333
2023;6;38;1721
2023;6;39;3484
2023;6;40;11762
2023;6;41;4431
2023;6;42;3065
2023;6;43;6133
2023;6;44;5144
2023;6;45;1528
2023;6;46;1810
2023;6;47;5615
2023;6;48;2102
2023;6;49;1160
2023;6;50;26603
2023;6;51;9530
2023;6;52;5804
2023;6;53;7482
2023;6;54;7479
2023;6;55;4638
2023;6;56;13022
2023;6;57;1703
2023;6;58;1807
2023;6;59;1015
2023;6;60;9335
2023;6;61;7213
2023;6;62;2688
2023;6;63;2341
2023;6;64;4759
2023;6;65;2460
2023;6;66;674
2023;6;67;1484
2023;6;68;1452
2023;6;69;823
2023;6;70;849
2023;6;71;1061
2023;6;72;1037
2023;6;73;2150
2023;6;74;2926
2023;6;75;2558
2023;6;76;2336
2023;6;77;2836
2023;6;78;813
2023;6;79;875
2023;6;80;1101
2023;6;81;669
2023;6;82;2575
2023;6;83;2280
2023;6;84;-297
2023;6;85;1568
2023;6;86;14688
2023;6;87;17797
2023;6;88;15464
2023;6;89;17928
2023;6;90;25234
2023;6;91;10842
2023;6;92;5449
2023;6;93;14198
2023;6;94;22576
2023;6;95;16452
2023;6;96;3060
2023;6;97;1671
2023;6;98;8055
2023;6;99;3945
2023;6;100;10218
2023;6;101;901
2023;6;102;664
2023;6;103;756
2023;6;104;719
2023;6;105;577
2023;6;106;533
2023;6;107;709
2023;6;108;794
2023;6;109;3309
2023;6;110;695
2023;6;111;638
2023;6;112;2670
2023;6;113;6511
2023;6;114;656
2023;6;115;1640
2023;7;1;4111
2023;7;2;6838
2023;7;3;4154
2023;7;4;5612
2023;7;5;1954
2023;7;6;962
2023;7;7;2435
2023;7;8;1903
2023;7;9;1713
2023;7;10;5836
2023;7;11;762
2023;7;12;1376
2023;7;13;1404
2023;7;14;3100
2023;7;15;684
2023;7;16;34376
2023;7;17;4078
2023;7;18;3640
2023;7;19;2529
2023;7;20;1681
2023;7;21;2109
2023;7;22;1293
2023;7;23;943
2023;7;24;2896
2023;7;25;2503
2023;7;26;2044
2023;7;27;2206
2023;7;28;2181
2023;7;29;4204
2023;7;30;2286
2023;7;31;4432
2023;7;32;11789
2023;7;33;6193
2023;7;34;9946
2023;7;35;7349
2023;7;36;10093
2023;7;37;4891
2023;7;38;2511
2023;7;39;5396
2023;7;40;10748
2023;7;41;4207
2023;7;42;3221
2023;7;43;6029
2023;7;44;5214
2023;7;45;1642
2023;7;46;1976
2023;7;47;5771
2023;7;48;2182
2023;7;49;1044
2023;7;50;25221
2023;7;51;9914
2023;7;52;6040
2023;7;53;7392
2023;7;54;7717
2023;7;55;5064
2023;7;56;12540
2023;7;57;1747
2023;7;58;1991
2023;7;59;1193
2023;7;60;10951
2023;7;61;7445
2023;7;62;2962
2023;7;63;2281
2023;7;64;5219
2023;7;65;2704
2023;7;66;794
2023;7;67;1588
2023;7;68;1610
2023;7;69;963
2023;7;70;959
2023;7;71;1081
2023;7;72;1135
2023;7;73;2384
2023;7;74;2512
2023;7;75;2724
2023;7;76;2414
2023;7;77;2868
2023;7;78;969
2023;7;79;823
2023;7;80;1213
2023;7;81;525
2023;7;82;2733
2023;7;83;2508
2023;7;84;733
2023;7;85;1674
2023;7;86;19364
2023;7;87;23343
2023;7;88;20070
2023;7;89;19840
2023;7;90;27758
2023;7;91;12332
2023;7;92;5883
2023;7;93;18740
2023;7;94;26988
2023;7;95;22414
2023;7;96;2716
2023;7;97;1527
2023;7;98;8761
2023;7;99;6361
2023;7;100;8862
2023;7;101;1021
2023;7;102;780
2023;7;103;716
2023;7;104;707
2023;7;105;717
2023;7;106;591
2023;7;107;697
2023;7;108;754
2023;7;109;3067
2023;7;110;539
2023;7;111;586
2023;7;112;2234
2023;7;113;6227
2023;7;114;630
2023;7;115;1074
2023;8;1;5051
2023;8;2;6222
2023;8;3;5554
2023;8;4;4402
2023;8;5;1724
2023;8;6;876
2023;8;7;2257
2023;8;8;4065
2023;8;9;1539
2023;8;10;5350
2023;8;11;920
2023;8;12;1336
2023;8;13;1650
2023;8;14;3582
2023;8;15;856
2023;8;16;32604
2023;8;17;4288
2023;8;18;3806
2023;8;19;3017
2023;8;20;3553
2023;8;21;4489
2023;8;22;1205
2023;8;23;831
2023;8;24;2064
2023;8;25;2739
2023;8;26;2210
2023;8;27;2352
2023;8;28;2451
2023;8;29;3762
2023;8;30;3944
2023;8;31;4006
2023;8;32;10297
2023;8;33;11819
2023;8;34;9050
2023;8;35;6697
2023;8;36;8881
2023;8;37;4471
2023;8;38;2249
2023;8;39;4956
2023;8;40;9976
2023;8;41;3951
2023;8;42;3399
2023;8;43;6259
2023;8;44;5598
2023;8;45;1666
2023;8;46;2084
2023;8;47;5995
2023;8;48;2358
2023;8;49;1542
2023;8;50;23485
2023;8;51;10296
2023;8;52;6104
2023;8;53;7720
2023;8;54;7935
2023;8;55;5498
2023;8;56;12330
2023;8;57;1893
2023;8;58;2235
2023;8;59;1239
2023;8;60;10411
2023;8;61;7921
2023;8;62;3520
2023;8;63;2497
2023;8;64;5691
2023;8;65;3206
2023;8;66;974
2023;8;67;1670
2023;8;68;1972
2023;8;69;1089
2023;8;70;1145
2023;8;71;1159
2023;8;72;1363
2023;8;73;2486
2023;8;74;3020
2023;8;75;2770
2023;8;76;2708
2023;8;77;3302
2023;8;78;1207
2023;8;79;861
2023;8;80;1371
2023;8;81;673
2023;8;82;3119
2023;8;83;2716
2023;8;84;1137
2023;8;85;1828
2023;8;86;17424
2023;8;87;22251
2023;8;88;17326
2023;8;89;18140
2023;8;90;25616
2023;8;91;11240
2023;8;92;5459
2023;8;93;16926
2023;8;94;22822
2023;8;95;20806
2023;8;96;2500
2023;8;97;1441
2023;8;98;8127
2023;8;99;5885
2023;8;100;8000
2023;8;101;1129
2023;8;102;892
2023;8;103;674
2023;8;104;681
2023;8;105;907
2023;8;106;705
2023;8;107;683
2023;8;108;740
2023;8;109;2831
2023;8;110;1281
2023;8;111;740
2023;8;112;1910
2023;8;113;6003
2023;8;114;596
2023;8;115;4864
2023;9;1;6171
2023;9;2;4830
2023;9;3;3970
2023;9;4;8320
2023;9;5;2562
2023;9;6;1294
2023;9;7;3827
2023;9;8;3619
2023;9;9;1269
2023;9;10;4820
2023;9;11;908
2023;9;12;1374
2023;9;13;1630
2023;9;14;2998
2023;9;15;828
2023;9;16;30568
2023;9;17;4552
2023;9;18;3172
2023;9;19;3441
2023;9;20;3089
2023;9;21;4327
2023;9;22;1061
2023;9;23;739
2023;9;24;2450
2023;9;25;3079
2023;9;26;2130
2023;9;27;2530
2023;9;28;2567
2023;9;29;5474
2023;9;30;3384
2023;9;31;6324
2023;9;32;14937
2023;9;33;10561
2023;9;34;14010
2023;9;35;9529
2023;9;36;7531
2023;9;37;3653
2023;9;38;1961
2023;9;39;4256
2023;9;40;7570
2023;9;41;3559
2023;9;42;3551
2023;9;43;6445
2023;9;44;5464
2023;9;45;1762
2023;9;46;2212
2023;9;47;6321
2023;9;48;2256
2023;9;49;1434
2023;9;50;29783
2023;9;51;10580
2023;9;52;6218
2023;9;53;7644
2023;9;54;7805
2023;9;55;5784
2023;9;56;12054
2023;9;57;1745
2023;9;58;2485
2023;9;59;1429
2023;9;60;9529
2023;9;61;8217
2023;9;62;3814
2023;9;63;2635
2023;9;64;5759
2023;9;65;3014
2023;9;66;948
2023;9;67;1492
2023;9;68;1836
2023;9;69;1141
2023;9;70;1251
2023;9;71;1135
2023;9;72;1531
2023;9;73;2646
2023;9;74;3278
2023;9;75;2776
2023;9;76;3570
2023;9;77;2820
2023;9;78;1225
2023;9;79;845
2023;9;80;1199
2023;9;81;823
2023;9;82;3233
2023;9;83;2740
2023;9;84;1211
2023;9;85;1866
2023;9;86;15840
2023;9;87;21035
2023;9;88;16672
2023;9;89;16710
2023;9;90;23920
2023;9;91;10850
2023;9;92;5337
2023;9;93;16030
2023;9;94;21528
2023;9;95;19716
2023;9;96;2440
2023;9;97;1593
2023;9;98;7799
2023;9;99;5585
2023;9;100;6928
2023;9;101;1215
2023;9;102;892
2023;9;103;572
2023;9;104;635
2023;9;105;973
2023;9;106;759
2023;9;107;647
2023;9;108;700
2023;9;109;2421
2023;9;110;895
2023;9;111;644
2023;9;112;1552
2023;9;113;5473
2023;9;114;546
2023;9;115;4440
2023;10;1;4937
2023;10;2;6812
2023;10;3;4416
2023;10;4;6244
2023;10;5;1882
2023;10;6;1142
2023;10;7;3191
2023;10;8;2427
2023;10;9;2493
2023;10;10;3744
2023;10;11;730
2023;10;12;1204
2023;10;13;1338
2023;10;14;2732
2023;10;15;720
2023;10;16;27282
2023;10;17;3554
2023;10;18;2738
2023;10;19;2931
2023;10;20;2399
2023;10;21;3593
2023;10;22;735
2023;10;23;963
2023;10;24;1746
2023;10;25;2661
2023;10;26;1938
2023;10;27;2320
2023;10;28;1857
2023;10;29;4398
2023;10;30;2702
2023;10;31;4928
2023;10;32;11443
2023;10;33;7481
2023;10;34;11312
2023;10;35;8279
2023;10;36;10319
2023;10;37;4173
2023;10;38;2149
2023;10;39;5332
2023;10;40;10796
2023;10;41;2965
2023;10;42;3109
2023;10;43;5879
2023;10;44;4744
2023;10;45;1740
2023;10;46;2146
2023;10;47;6011
2023;10;48;1960
2023;10;49;1206
2023;10;50;26861
2023;10;51;9596
2023;10;52;5320
2023;10;53;6872
2023;10;54;7305
2023;10;55;4762
2023;10;56;11094
2023;10;57;1299
2023;10;58;1885
2023;10;59;841
2023;10;60;10455
2023;10;61;7661
2023;10;62;2776
2023;10;63;2185
2023;10;64;3971
2023;10;65;2398
2023;10;66;744
2023;10;67;560
2023;10;68;1472
2023;10;69;1035
2023;10;70;1089
2023;10;71;1147
2023;10;72;1211
2023;10;73;1694
2023;10;74;1784
2023;10;75;2130
2023;10;76;3362
2023;10;77;2230
2023;10;78;511
2023;10;79;381
2023;10;80;941
2023;10;81;555
2023;10;82;2395
2023;10;83;2022
2023;10;84;759
2023;10;85;1384
2023;10;86;12006
2023;10;87;20079
2023;10;88;15920
2023;10;89;15900
2023;10;90;22594
2023;10;91;10556
2023;10;92;5165
2023;10;93;15602
2023;10;94;20258
2023;10;95;18032
2023;10;96;2382
2023;10;97;1529
2023;10;98;7747
2023;10;99;5343
2023;10;100;5728
2023;10;101;993
2023;10;102;774
2023;10;103;404
2023;10;104;559
2023;10;105;793
2023;10;106;621
2023;10;107;527
2023;10;108;600
2023;10;109;1701
2023;10;110;945
2023;10;111;628
2023;10;112;308
2023;10;113;4417
2023;10;114;384
2023;10;115;3062
2023;11;1;6935
2023;11;2;5114
2023;11;3;3862
2023;11;4;5336
2023;11;5;1528
2023;11;6;1042
2023;11;7;3015
2023;11;8;2157
2023;11;9;2179
2023;11;10;3268
2023;11;11;784
2023;11;12;1222
2023;11;13;1790
2023;11;14;2872
2023;11;15;960
2023;11;16;26424
2023;11;17;3854
2023;11;18;2986
2023;11;19;3557
2023;11;20;2237
2023;11;21;3171
2023;11;22;675
2023;11;23;853
2023;11;24;2300
2023;11;25;3031
2023;11;26;2202
2023;11;27;2584
2023;11;28;2321
2023;11;29;4038
2023;11;30;2530
2023;11;31;4608
2023;11;32;9781
2023;11;33;14309
2023;11;34;10490
2023;11;35;7441
2023;11;36;9861
2023;11;37;4053
2023;11;38;2067
2023;11;39;4974
2023;11;40;9262
2023;11;41;2673
2023;11;42;3263
2023;11;43;6177
2023;11;44;5092
2023;11;45;1920
2023;11;46;2348
2023;11;47;6501
2023;11;48;2032
2023;11;49;1120
2023;11;50;26315
2023;11;51;10322
2023;11;52;5470
2023;11;53;7134
2023;11;54;7777
2023;11;55;5600
2023;11;56;10918
2023;11;57;1785
2023;11;58;2363
2023;11;59;1137
2023;11;60;9925
2023;11;61;8369
2023;11;62;3442
2023;11;63;2657
2023;11;64;4763
2023;11;65;2740
2023;11;66;860
2023;11;67;776
2023;11;68;1988
2023;11;69;1131
2023;11;70;1263
2023;11;71;1447
2023;11;72;1483
2023;11;73;2564
2023;11;74;2434
2023;11;75;2834
2023;11;76;4868
2023;11;77;2724
2023;11;78;733
2023;11;79;401
2023;11;80;1261
2023;11;81;753
2023;11;82;2709
2023;11;83;2278
2023;11;84;951
2023;11;85;1642
2023;11;86;11576
2023;11;87;19731
2023;11;88;15738
2023;11;89;15686
2023;11;90;22238
2023;11;91;10372
2023;11;92;5095
2023;11;93;15378
2023;11;94;20064
2023;11;95;17698
2023;11;96;2332
2023;11;97;1457
2023;11;98;7677
2023;11;99;5171
2023;11;100;5498
2023;11;101;1075
2023;11;102;850
2023;11;103;382
2023;11;104;511
2023;11;105;891
2023;11;106;711
2023;11;107;453
2023;11;108;550
2023;11;109;1429
2023;11;110;751
2023;11;111;540
2023;11;112;7150
2023;11;113;4141
2023;11;114;290
2023;11;115;2726
2023;12;1;6729
2023;12;2;4528
2023;12;3;5082
2023;12;4;9796
2023;12;5;2542
2023;12;6;982
2023;12;7;2805
2023;12;8;1945
2023;12;9;2117
2023;12;10;2974
2023;12;11;766
2023;12;12;1382
2023;12;13;1810
2023;12;14;2744
2023;12;15;1108
2023;12;16;24900
2023;12;17;3870
2023;12;18;3246
2023;12;19;3857
2023;12;20;1839
2023;12;21;3019
2023;12;22;613
2023;12;23;745
2023;12;24;2852
2023;12;25;3503
2023;12;26;2428
2023;12;27;2550
2023;12;28;2929
2023;12;29;6398
2023;12;30;4156
2023;12;31;7324
2023;12;32;14235
2023;12;33;13923
2023;12;34;16676
2023;12;35;10679
2023;12;36;9621
2023;12;37;3703
2023;12;38;1809
2023;12;39;4748
2023;12;40;8384
2023;12;41;2457
2023;12;42;3425
2023;12;43;6357
2023;12;44;5404
2023;12;45;2080
2023;12;46;2494
2023;12;47;6631
2023;12;48;2174
2023;12;49;1664
2023;12;50;34051
2023;12;51;10868
2023;12;52;5646
2023;12;53;7378
2023;12;54;8337
2023;12;55;6390
2023;12;56;10332
2023;12;57;2251
2023;12;58;2717
2023;12;59;1343
2023;12;60;11749
2023;12;61;8829
2023;12;62;4202
2023;12;63;3049
2023;12;64;6003
2023;12;65;2948
2023;12;66;932
2023;12;67;1124
2023;12;68;2218
2023;12;69;1267
2023;12;70;1451
2023;12;71;1765
2023;12;72;1771
2023;12;73;3542
2023;12;74;3292
2023;12;75;3586
2023;12;76;6540
2023;12;77;3072
2023;12;78;889
2023;12;79;547
2023;12;80;1327
2023;12;81;939
2023;12;82;3069
2023;12;83;2362
2023;12;84;1195
2023;12;85;1624
2023;12;86;11284
2023;12;87;19731
2023;12;88;15362
2023;12;89;15364
2023;12;90;21124
2023;12;91;10098
2023;12;92;4967
2023;12;93;14606
2023;12;94;19716
2023;12;95;17402
2023;12;96;2312
2023;12;97;1421
2023;12;98;7605
2023;12;99;5043
2023;12;100;5078
2023;12;101;1221
2023;12;102;1010
2023;12;103;350
2023;12;104;497
2023;12;105;957
2023;12;106;887
2023;12;107;409
2023;12;108;500
2023;12;109;1161
2023;12;110;1343
2023;12;111;736
2023;12;112;6764
2023;12;113;3839
2023;12;114;246
2023;12;115;2462
2024;1;1;6985
2024;1;2;7862
2024;1;3;4628
2024;1;4;9386
2024;1;5;2232
2024;1;6;904
2024;1;7;2627
2024;1;8;1383
2024;1;9;1885
2024;1;10;6984
2024;1;11;820
2024;1;12;2108
2024;1;13;1396
2024;1;14;3110
2024;1;15;1376
2024;1;16;23060
2024;1;17;4026
2024;1;18;3392
2024;1;19;4149
2024;1;20;1473
2024;1;21;2785
2024;1;22;1507
2024;1;23;1295
2024;1;24;3460
2024;1;25;3765
2024;1;26;2778
2024;1;27;2476
2024;1;28;3265
2024;1;29;6058
2024;1;30;3836
2024;1;31;6564
2024;1;32;13275
2024;1;33;12229
2024;1;34;16302
2024;1;35;9797
2024;1;36;13055
2024;1;37;5223
2024;1;38;2865
2024;1;39;6530
2024;1;40;7228
2024;1;41;5855
2024;1;42;3669
2024;1;43;6835
2024;1;44;5636
2024;1;45;2246
2024;1;46;2716
2024;1;47;7031
2024;1;48;2336
2024;1;49;1618
2024;1;50;33327
2024;1;51;11206
2024;1;52;5970
2024;1;53;7994
2024;1;54;9329
2024;1;55;7528
2024;1;56;10000
2024;1;57;2759
2024;1;58;3067
2024;1;59;1665
2024;1;60;11647
2024;1;61;9437
2024;1;62;4664
2024;1;63;3379
2024;1;64;7267
2024;1;65;3348
2024;1;66;1094
2024;1;67;1666
2024;1;68;2308
2024;1;69;1435
2024;1;70;1699
2024;1;71;1993
2024;1;72;1891
2024;1;73;4308
2024;1;74;5180
2024;1;75;3744
2024;1;76;7014
2024;1;77;3638
2024;1;78;875
2024;1;79;495
2024;1;80;1639
2024;1;81;1113
2024;1;82;3267
2024;1;83;2624
2024;1;84;1255
2024;1;85;1830
2024;1;86;13722
2024;1;87;20903
2024;1;88;17910
2024;1;89;15920
2024;1;90;25500
2024;1;91;12832
2024;1;92;5581
2024;1;93;17836
2024;1;94;22164
2024;1;95;16906
2024;1;96;2210
2024;1;97;1651
2024;1;98;8255
2024;1;99;6335
2024;1;100;4824
2024;1;101;1453
2024;1;102;1152
2024;1;103;302
2024;1;104;445
2024;1;105;1073
2024;1;106;901
2024;1;107;387
2024;1;108;490
2024;1;109;945
2024;1;110;1171
2024;1;111;698
2024;1;112;6544
2024;1;113;9053
2024;1;114;1022
2024;1;115;2296
2024;2;1;6915
2024;2;2;7272
2024;2;3;6272
2024;2;4;8724
2024;2;5;2026
2024;2;6;1686
2024;2;7;2129
2024;2;8;4731
2024;2;9;1521
2024;2;10;6516
2024;2;11;1080
2024;2;12;2028
2024;2;13;1534
2024;2;14;3422
2024;2;15;1670
2024;2;16;22488
2024;2;17;4566
2024;2;18;3798
2024;2;19;4599
2024;2;20;3721
2024;2;21;5951
2024;2;22;1471
2024;2;23;1253
2024;2;24;4106
2024;2;25;4237
2024;2;26;3162
2024;2;27;2678
2024;2;28;3943
2024;2;29;5812
2024;2;30;3594
2024;2;31;6410
2024;2;32;12457
2024;2;33;19215
2024;2;34;15566
2024;2;35;9551
2024;2;36;12559
2024;2;37;5165
2024;2;38;2435
2024;2;39;6202
2024;2;40;12810
2024;2;41;5639
2024;2;42;3737
2024;2;43;7453
2024;2;44;6110
2024;2;45;2400
2024;2;46;2892
2024;2;47;7487
2024;2;48;2460
2024;2;49;1596
2024;2;50;33013
2024;2;51;11912
2024;2;52;6278
2024;2;53;8432
2024;2;54;10351
2024;2;55;8450
2024;2;56;9916
2024;2;57;3267
2024;2;58;3569
2024;2;59;1965
2024;2;60;11139
2024;2;61;10239
2024;2;62;6098
2024;2;63;3811
2024;2;64;8579
2024;2;65;4012
2024;2;66;1142
2024;2;67;2066
2024;2;68;2692
2024;2;69;1555
2024;2;70;1887
2024;2;71;2067
2024;2;72;2143
2024;2;73;5188
2024;2;74;6644
2024;2;75;4184
2024;2;76;7666
2024;2;77;4302
2024;2;78;1055
2024;2;79;739
2024;2;80;1927
2024;2;81;1407
2024;2;82;3885
2024;2;83;2908
2024;2;84;1527
2024;2;85;1986
2024;2;86;13650
2024;2;87;20717
2024;2;88;17724
2024;2;89;15710
2024;2;90;25384
2024;2;91;12492
2024;2;92;5465
2024;2;93;17560
2024;2;94;21450
2024;2;95;16774
2024;2;96;2210
2024;2;97;1607
2024;2;98;8255
2024;2;99;6247
2024;2;100;4612
2024;2;101;1707
2024;2;102;1312
2024;2;103;302
2024;2;104;425
2024;2;105;1223
2024;2;106;1033
2024;2;107;371
2024;2;108;480
2024;2;109;6193
2024;2;110;1883
2024;2;111;994
2024;2;112;6388
2024;2;113;9053
2024;2;114;1014
2024;2;115;2158
2024;3;1;6509
2024;3;2;6230
2024;3;3;4990
2024;3;4;11776
2024;3;5;2530
2024;3;6;1506
2024;3;7;4323
2024;3;8;4297
2024;3;9;1099
2024;3;10;5840
2024;3;11;1052
2024;3;12;1426
2024;3;13;1430
2024;3;14;3630
2024;3;15;1338
2024;3;16;21284
2024;3;17;4522
2024;3;18;3700
2024;3;19;4749
2024;3;20;3083
2024;3;21;5557
2024;3;22;1287
2024;3;23;1153
2024;3;24;4364
2024;3;25;4061
2024;3;26;3066
2024;3;27;2684
2024;3;28;4049
2024;3;29;7806
2024;3;30;3300
2024;3;31;8598
2024;3;32;18373
2024;3;33;17785
2024;3;34;20304
2024;3;35;11971
2024;3;36;11421
2024;3;37;4947
2024;3;38;1939
2024;3;39;5048
2024;3;40;11024
2024;3;41;5213
2024;3;42;3713
2024;3;43;7475
2024;3;44;5912
2024;3;45;2392
2024;3;46;2982
2024;3;47;7665
2024;3;48;2432
2024;3;49;1482
2024;3;50;40115
2024;3;51;11702
2024;3;52;6306
2024;3;53;7952
2024;3;54;10803
2024;3;55;8126
2024;3;56;9362
2024;3;57;3189
2024;3;58;3419
2024;3;59;1769
2024;3;60;12879
2024;3;61;9763
2024;3;62;6384
2024;3;63;3951
2024;3;64;7963
2024;3;65;3884
2024;3;66;962
2024;3;67;2104
2024;3;68;2884
2024;3;69;1723
2024;3;70;1843
2024;3;71;2109
2024;3;72;2249
2024;3;73;6168
2024;3;74;8070
2024;3;75;4240
2024;3;76;7916
2024;3;77;4694
2024;3;78;835
2024;3;79;789
2024;3;80;2117
2024;3;81;1493
2024;3;82;3751
2024;3;83;2850
2024;3;84;1213
2024;3;85;1966
2024;3;86;12276
2024;3;87;20075
2024;3;88;16376
2024;3;89;14846
2024;3;90;23832
2024;3;91;11486
2024;3;92;5125
2024;3;93;16652
2024;3;94;20072
2024;3;95;15926
2024;3;96;2018
2024;3;97;1543
2024;3;98;7839
2024;3;99;5913
2024;3;100;4110
2024;3;101;1633
2024;3;102;1226
2024;3;103;814
2024;3;104;1371
2024;3;105;1151
2024;3;106;1107
2024;3;107;1255
2024;3;108;1420
2024;3;109;5679
2024;3;110;1359
2024;3;111;902
2024;3;112;5380
2024;3;113;8359
2024;3;114;942
2024;3;115;5426
2024;4;1;6465
2024;4;2;9038
2024;4;3;5552
2024;4;4;10456
2024;4;5;2082
2024;4;6;1390
2024;4;7;3711
2024;4;8;3429
2024;4;9;3319
2024;4;10;5168
2024;4;11;876
2024;4;12;1468
2024;4;13;1362
2024;4;14;3438
2024;4;15;1392
2024;4;16;50294
2024;4;17;4256
2024;4;18;3708
2024;4;19;4673
2024;4;20;2615
2024;4;21;5279
2024;4;22;1175
2024;4;23;1613
2024;4;24;4390
2024;4;25;4145
2024;4;26;3366
2024;4;27;2954
2024;4;28;3989
2024;4;29;6966
2024;4;30;5516
2024;4;31;8092
2024;4;32;15931
2024;4;33;16111
2024;4;34;17156
2024;4;35;10661
2024;4;36;14517
2024;4;37;6783
2024;4;38;4015
2024;4;39;7196
2024;4;40;9508
2024;4;41;4901
2024;4;42;3573
2024;4;43;6941
2024;4;44;5560
2024;4;45;2442
2024;4;46;3118
2024;4;47;7551
2024;4;48;2396
2024;4;49;1982
2024;4;50;37803
2024;4;51;11552
2024;4;52;6092
2024;4;53;7244
2024;4;54;10599
2024;4;55;7582
2024;4;56;18196
2024;4;57;2947
2024;4;58;3437
2024;4;59;1537
2024;4;60;11105
2024;4;61;9235
2024;4;62;6006
2024;4;63;3559
2024;4;64;7387
2024;4;65;3404
2024;4;66;1082
2024;4;67;1970
2024;4;68;2730
2024;4;69;1649
2024;4;70;1883
2024;4;71;2173
2024;4;72;2391
2024;4;73;7048
2024;4;74;8708
2024;4;75;3936
2024;4;76;7680
2024;4;77;4762
2024;4;78;717
2024;4;79;679
2024;4;80;1929
2024;4;81;1525
2024;4;82;3439
2024;4;83;2488
2024;4;84;1167
2024;4;85;1966
2024;4;86;11284
2024;4;87;18909
2024;4;88;14238
2024;4;89;14040
2024;4;90;21840
2024;4;91;10616
2024;4;92;4853
2024;4;93;15402
2024;4;94;18100
2024;4;95;14476
2024;4;96;2312
2024;4;97;1473
2024;4;98;7585
2024;4;99;5629
2024;4;100;3556
2024;4;101;1585
2024;4;102;1080
2024;4;103;1232
2024;4;104;1267
2024;4;105;855
2024;4;106;977
2024;4;107;1323
2024;4;108;1346
2024;4;109;4941
2024;4;110;1675
2024;4;111;996
2024;4;112;4350
2024;4;113;7427
2024;4;114;840
2024;4;115;4156
2024;5;1;7425
2024;5;2;7656
2024;5;3;4824
2024;5;4;9696
2024;5;5;1258
2024;5;6;1254
2024;5;7;3519
2024;5;8;2813
2024;5;9;3027
2024;5;10;4964
2024;5;11;1022
2024;5;12;2114
2024;5;13;1970
2024;5;14;3518
2024;5;15;1694
2024;5;16;48282
2024;5;17;4706
2024;5;18;3750
2024;5;19;5053
2024;5;20;2379
2024;5;21;5009
2024;5;22;1057
2024;5;23;1475
2024;5;24;4826
2024;5;25;4565
2024;5;26;3564
2024;5;27;3148
2024;5;28;4309
2024;5;29;6544
2024;5;30;5180
2024;5;31;7664
2024;5;32;14241
2024;5;33;22117
2024;5;34;16394
2024;5;35;10331
2024;5;36;13107
2024;5;37;6485
2024;5;38;3527
2024;5;39;6912
2024;5;40;8278
2024;5;41;4383
2024;5;42;3589
2024;5;43;6939
2024;5;44;5434
2024;5;45;2562
2024;5;46;3182
2024;5;47;7765
2024;5;48;2398
2024;5;49;1832
2024;5;50;36069
2024;5;51;11744
2024;5;52;6484
2024;5;53;7708
2024;5;54;10979
2024;5;55;7980
2024;5;56;17696
2024;5;57;3279
2024;5;58;3373
2024;5;59;1541
2024;5;60;12937
2024;5;61;9981
2024;5;62;6650
2024;5;63;4081
2024;5;64;8979
2024;5;65;3716
2024;5;66;1174
2024;5;67;2354
2024;5;68;3426
2024;5;69;1581
2024;5;70;1919
2024;5;71;2461
2024;5;72;2793
2024;5;73;7804
2024;5;74;10228
2024;5;75;4726
2024;5;76;8128
2024;5;77;4936
2024;5;78;693
2024;5;79;787
2024;5;80;2039
2024;5;81;1625
2024;5;82;4171
2024;5;83;2698
2024;5;84;1239
2024;5;85;2262
2024;5;86;10440
2024;5;87;18113
2024;5;88;13162
2024;5;89;13182
2024;5;90;21282
2024;5;91;9850
2024;5;92;4697
2024;5;93;14336
2024;5;94;16234
2024;5;95;13420
2024;5;96;2244
2024;5;97;1409
2024;5;98;7073
2024;5;99;5163
2024;5;100;5964
2024;5;101;1735
2024;5;102;1036
2024;5;103;1140
2024;5;104;1211
2024;5;105;871
2024;5;106;1043
2024;5;107;1213
2024;5;108;1288
2024;5;109;4567
2024;5;110;1359
2024;5;111;870
2024;5;112;4088
2024;5;113;7017
2024;5;114;782
2024;5;115;3902
2024;6;1;8169
2024;6;2;7104
2024;6;3;7392
2024;6;4;13438
2024;6;5;2486
2024;6;6;1186
2024;6;7;3199
2024;6;8;1945
2024;6;9;2491
2024;6;10;9512
2024;6;11;1008
2024;6;12;2030
2024;6;13;1694
2024;6;14;3670
2024;6;15;1768
2024;6;16;46480
2024;6;17;4478
2024;6;18;3862
2024;6;19;4931
2024;6;20;1913
2024;6;21;4707
2024;6;22;1923
2024;6;23;1367
2024;6;24;4876
2024;6;25;4893
2024;6;26;3638
2024;6;27;3198
2024;6;28;4429
2024;6;29;8438
2024;6;30;4872
2024;6;31;9958
2024;6;32;20299
2024;6;33;20637
2024;6;34;23446
2024;6;35;12651
2024;6;36;11617
2024;6;37;5829
2024;6;38;2759
2024;6;39;6048
2024;6;40;14134
2024;6;41;7595
2024;6;42;3551
2024;6;43;6843
2024;6;44;5972
2024;6;45;2586
2024;6;46;3202
2024;6;47;7547
2024;6;48;2536
2024;6;49;1712
2024;6;50;42387
2024;6;51;11320
2024;6;52;6606
2024;6;53;7748
2024;6;54;11373
2024;6;55;8202
2024;6;56;17180
2024;6;57;3265
2024;6;58;3451
2024;6;59;1563
2024;6;60;11871
2024;6;61;10327
2024;6;62;6426
2024;6;63;3979
2024;6;64;9577
2024;6;65;3746
2024;6;66;1158
2024;6;67;2578
2024;6;68;3662
2024;6;69;1489
2024;6;70;2055
2024;6;71;2623
2024;6;72;2869
2024;6;73;8374
2024;6;74;10892
2024;6;75;4150
2024;6;76;7512
2024;6;77;4752
2024;6;78;999
2024;6;79;865
2024;6;80;1851
2024;6;81;1631
2024;6;82;4605
2024;6;83;2788
2024;6;84;1361
2024;6;85;2116
2024;6;86;8764
2024;6;87;17117
2024;6;88;10844
2024;6;89;12466
2024;6;90;19256
2024;6;91;8910
2024;6;92;4381
2024;6;93;13318
2024;6;94;14720
2024;6;95;12144
2024;6;96;2060
2024;6;97;1361
2024;6;98;6667
2024;6;99;4565
2024;6;100;5276
2024;6;101;1791
2024;6;102;1084
2024;6;103;1086
2024;6;104;1129
2024;6;105;991
2024;6;106;1007
2024;6;107;1153
2024;6;108;1192
2024;6;109;4197
2024;6;110;1807
2024;6;111;1052
2024;6;112;3696
2024;6;113;6381
2024;6;114;734
2024;6;115;3342
2024;7;1;9139
2024;7;2;10506
2024;7;3;6182
2024;7;4;12312
2024;7;5;2068
2024;7;6;2008
2024;7;7;2981
2024;7;8;1685
2024;7;9;2181
2024;7;10;8956
2024;7;11;1018
2024;7;12;2384
2024;7;13;2158
2024;7;14;3860
2024;7;15;1904
2024;7;16;45040
2024;7;17;4594
2024;7;18;4516
2024;7;19;5337
2024;7;20;1555
2024;7;21;4377
2024;7;22;1747
2024;7;23;1891
2024;7;24;5000
2024;7;25;4775
2024;7;26;4044
2024;7;27;3576
2024;7;28;4345
2024;7;29;7822
2024;7;30;4220
2024;7;31;9390
2024;7;32;18377
2024;7;33;19031
2024;7;34;22200
2024;7;35;11641
2024;7;36;15631
2024;7;37;7759
2024;7;38;4719
2024;7;39;9138
2024;7;40;13154
2024;7;41;7495
2024;7;42;3739
2024;7;43;7033
2024;7;44;6516
2024;7;45;2698
2024;7;46;3388
2024;7;47;7695
2024;7;48;2698
2024;7;49;1630
2024;7;50;38997
2024;7;51;11972
2024;7;52;6970
2024;7;53;8104
2024;7;54;11793
2024;7;55;8404
2024;7;56;16664
2024;7;57;3513
2024;7;58;3629
2024;7;59;1917
2024;7;60;13311
2024;7;61;10395
2024;7;62;7352
2024;7;63;4111
2024;7;64;9507
2024;7;65;3722
2024;7;66;1298
2024;7;67;2692
2024;7;68;3892
2024;7;69;1561
2024;7;70;1945
2024;7;71;2651
2024;7;72;3259
2024;7;73;8518
2024;7;74;12192
2024;7;75;4840
2024;7;76;7774
2024;7;77;5256
2024;7;78;1231
2024;7;79;1017
2024;7;80;2205
2024;7;81;1755
2024;7;82;5327
2024;7;83;3038
2024;7;84;1669
2024;7;85;2346
2024;7;86;9326
2024;7;87;17127
2024;7;88;11062
2024;7;89;12868
2024;7;90;20688
2024;7;91;10590
2024;7;92;4841
2024;7;93;16186
2024;7;94;14714
2024;7;95;11532
2024;7;96;1928
2024;7;97;1297
2024;7;98;6871
2024;7;99;4301
2024;7;100;4868
2024;7;101;1917
2024;7;102;1180
2024;7;103;1054
2024;7;104;1107
2024;7;105;1185
2024;7;106;1069
2024;7;107;1113
2024;7;108;1152
2024;7;109;3927
2024;7;110;1509
2024;7;111;966
2024;7;112;3310
2024;7;113;5861
2024;7;114;702
2024;7;115;2958
2024;8;1;9173
2024;8;2;9816
2024;8;3;8656
2024;8;4;11524
2024;8;5;1556
2024;8;6;1898
2024;8;7;2601
2024;8;8;5547
2024;8;9;1785
2024;8;10;8384
2024;8;11;1188
2024;8;12;2988
2024;8;13;2578
2024;8;14;4520
2024;8;15;1890
2024;8;16;43044
2024;8;17;4900
2024;8;18;4892
2024;8;19;5719
2024;8;20;3759
2024;8;21;7537
2024;8;22;1657
2024;8;23;1817
2024;8;24;5760
2024;8;25;4937
2024;8;26;4296
2024;8;27;3680
2024;8;28;4813
2024;8;29;7258
2024;8;30;6874
2024;8;31;8954
2024;8;32;17609
2024;8;33;25053
2024;8;34;20608
2024;8;35;10971
2024;8;36;15067
2024;8;37;7031
2024;8;38;4341
2024;8;39;8396
2024;8;40;11824
2024;8;41;7123
2024;8;42;4083
2024;8;43;7497
2024;8;44;7302
2024;8;45;2808
2024;8;46;3488
2024;8;47;7823
2024;8;48;2852
2024;8;49;1806
2024;8;50;37769
2024;8;51;12278
2024;8;52;7090
2024;8;53;8432
2024;8;54;12295
2024;8;55;9034
2024;8;56;16224
2024;8;57;3725
2024;8;58;3819
2024;8;59;2161
2024;8;60;12721
2024;8;61;10793
2024;8;62;8346
2024;8;63;4307
2024;8;64;10623
2024;8;65;4046
2024;8;66;1344
2024;8;67;2538
2024;8;68;4400
2024;8;69;1607
2024;8;70;2191
2024;8;71;2889
2024;8;72;3533
2024;8;73;8710
2024;8;74;14772
2024;8;75;5290
2024;8;76;7828
2024;8;77;5284
2024;8;78;1305
2024;8;79;1323
2024;8;80;2293
2024;8;81;1881
2024;8;82;5603
2024;8;83;3348
2024;8;84;1801
2024;8;85;2442
2024;8;86;8420
2024;8;87;16175
2024;8;88;10102
2024;8;89;11294
2024;8;90;19620
2024;8;91;9964
2024;8;92;4605
2024;8;93;15148
2024;8;94;13816
2024;8;95;10068
2024;8;96;1870
2024;8;97;1297
2024;8;98;6641
2024;8;99;4037
2024;8;100;4062
2024;8;101;2137
2024;8;102;1272
2024;8;103;1016
2024;8;104;1099
2024;8;105;1429
2024;8;106;1205
2024;8;107;1103
2024;8;108;1140
2024;8;109;3797
2024;8;110;2281
2024;8;111;1246
2024;8;112;3024
2024;8;113;5721
2024;8;114;688
2024;8;115;6654
2024;9;1;9663
2024;9;2;9172
2024;9;3;8248
2024;9;4;14766
2024;9;5;3128
2024;9;6;1766
2024;9;7;4545
2024;9;8;4955
2024;9;9;1571
2024;9;10;7534
2024;9;11;1324
2024;9;12;3012
2024;9;13;2886
2024;9;14;4892
2024;9;15;2082
2024;9;16;41442
2024;9;17;5286
2024;9;18;4614
2024;9;19;6255
2024;9;20;3251
2024;9;21;7087
2024;9;22;1597
2024;9;23;1801
2024;9;24;6798
2024;9;25;5145
2024;9;26;4490
2024;9;27;3888
2024;9;28;4865
2024;9;29;9310
2024;9;30;6486
2024;9;31;11916
2024;9;32;22433
2024;9;33;23843
2024;9;34;27844
2024;9;35;16057
2024;9;36;14161
2024;9;37;5883
2024;9;38;3897
2024;9;39;8196
2024;9;40;9942
2024;9;41;6749
2024;9;42;4383
2024;9;43;7509
2024;9;44;7780
2024;9;45;2886
2024;9;46;3484
2024;9;47;8025
2024;9;48;3028
2024;9;49;1692
2024;9;50;44943
2024;9;51;12218
2024;9;52;7742
2024;9;53;8638
2024;9;54;12847
2024;9;55;9532
2024;9;56;15690
2024;9;57;3953
2024;9;58;4079
2024;9;59;2471
2024;9;60;14571
2024;9;61;11107
2024;9;62;8770
2024;9;63;4281
2024;9;64;10997
2024;9;65;3958
2024;9;66;1562
2024;9;67;2720
2024;9;68;4738
2024;9;69;1629
2024;9;70;2317
2024;9;71;2869
2024;9;72;3777
2024;9;73;9008
2024;9;74;17014
2024;9;75;5690
2024;9;76;8358
2024;9;77;5268
2024;9;78;1429
2024;9;79;1579
2024;9;80;2385
2024;9;81;1947
2024;9;82;5591
2024;9;83;3700
2024;9;84;1813
2024;9;85;2534
2024;9;86;6834
2024;9;87;15449
2024;9;88;9368
2024;9;89;9912
2024;9;90;18118
2024;9;91;9436
2024;9;92;4513
2024;9;93;14292
2024;9;94;12886
2024;9;95;9480
2024;9;96;1754
2024;9;97;1271
2024;9;98;6121
2024;9;99;3781
2024;9;100;3570
2024;9;101;2145
2024;9;102;1188
2024;9;103;898
2024;9;104;1049
2024;9;105;1435
2024;9;106;1271
2024;9;107;1005
2024;9;108;1104
2024;9;109;3511
2024;9;110;1773
2024;9;111;1014
2024;9;112;2108
2024;9;113;5091
2024;9;114;580
2024;9;115;5634
2024;10;1;7449
2024;10;2;11364
2024;10;3;9474
2024;10;4;12234
2024;10;5;2260
2024;10;6;1384
2024;10;7;3333
2024;10;8;3671
2024;10;9;3511
2024;10;10;5934
2024;10;11;1208
2024;10;12;1684
2024;10;13;2116
2024;10;14;4180
2024;10;15;1406
2024;10;16;37920
2024;10;17;4112
2024;10;18;3652
2024;10;19;4821
2024;10;20;2407
2024;10;21;6443
2024;10;22;1147
2024;10;23;2135
2024;10;24;5962
2024;10;25;4641
2024;10;26;4172
2024;10;27;3494
2024;10;28;4279
2024;10;29;7864
2024;10;30;4968
2024;10;31;9844
2024;10;32;18453
2024;10;33;19013
2024;10;34;22976
2024;10;35;13497
2024;10;36;16133
2024;10;37;6483
2024;10;38;5165
2024;10;39;10168
2024;10;40;13974
2024;10;41;5697
2024;10;42;4049
2024;10;43;6599
2024;10;44;7512
2024;10;45;2666
2024;10;46;3254
2024;10;47;7489
2024;10;48;2862
2024;10;49;1480
2024;10;50;39485
2024;10;51;10986
2024;10;52;6932
2024;10;53;7698
2024;10;54;11959
2024;10;55;7580
2024;10;56;14400
2024;10;57;3693
2024;10;58;3857
2024;10;59;2155
2024;10;60;12999
2024;10;61;8987
2024;10;62;7284
2024;10;63;4179
2024;10;64;9843
2024;10;65;3158
2024;10;66;1194
2024;10;67;1132
2024;10;68;4088
2024;10;69;1539
2024;10;70;1895
2024;10;71;2607
2024;10;72;3493
2024;10;73;7246
2024;10;74;16064
2024;10;75;3844
2024;10;76;7722
2024;10;77;4090
2024;10;78;-345
2024;10;79;997
2024;10;80;1401
2024;10;81;1425
2024;10;82;3929
2024;10;83;2724
2024;10;84;1393
2024;10;85;1406
2024;10;86;5020
2024;10;87;14939
2024;10;88;8606
2024;10;89;9106
2024;10;90;17468
2024;10;91;8744
2024;10;92;4289
2024;10;93;13300
2024;10;94;11550
2024;10;95;8942
2024;10;96;1966
2024;10;97;1211
2024;10;98;5885
2024;10;99;3539
2024;10;100;2906
2024;10;101;1997
2024;10;102;1226
2024;10;103;798
2024;10;104;915
2024;10;105;1235
2024;10;106;1283
2024;10;107;777
2024;10;108;958
2024;10;109;2615
2024;10;110;2043
2024;10;111;1146
2024;10;112;1402
2024;10;113;4191
2024;10;114;440
2024;10;115;4488
2024;11;1;7595
2024;11;2;10326
2024;11;3;9020
2024;11;4;11644
2024;11;5;1958
2024;11;6;1322
2024;11;7;2905
2024;11;8;3035
2024;11;9;3397
2024;11;10;5776
2024;11;11;1030
2024;11;12;2098
2024;11;13;2538
2024;11;14;4674
2024;11;15;1622
2024;11;16;37632
2024;11;17;4338
2024;11;18;4248
2024;11;19;5537
2024;11;20;2075
2024;11;21;6191
2024;11;22;963
2024;11;23;2063
2024;11;24;6872
2024;11;25;4899
2024;11;26;4410
2024;11;27;3690
2024;11;28;4533
2024;11;29;7284
2024;11;30;4792
2024;11;31;9102
2024;11;32;17597
2024;11;33;24301
2024;11;34;20946
2024;11;35;11693
2024;11;36;15589
2024;11;37;6007
2024;11;38;4821
2024;11;39;9570
2024;11;40;13204
2024;11;41;5435
2024;11;42;4371
2024;11;43;7159
2024;11;44;8128
2024;11;45;2868
2024;11;46;3340
2024;11;47;7943
2024;11;48;3130
2024;11;49;1422
2024;11;50;37609
2024;11;51;11696
2024;11;52;7242
2024;11;53;7886
2024;11;54;12711
2024;11;55;8206
2024;11;56;14376
2024;11;57;4205
2024;11;58;4291
2024;11;59;2571
2024;11;60;14655
2024;11;61;9785
2024;11;62;8154
2024;11;63;4869
2024;11;64;11403
2024;11;65;3494
2024;11;66;1482
2024;11;67;1752
2024;11;68;4992
2024;11;69;1539
2024;11;70;2251
2024;11;71;2845
2024;11;72;3891
2024;11;73;7502
2024;11;74;17814
2024;11;75;4426
2024;11;76;9046
2024;11;77;4498
2024;11;78;103
2024;11;79;1245
2024;11;80;1735
2024;11;81;1527
2024;11;82;4247
2024;11;83;3166
2024;11;84;1689
2024;11;85;1520
2024;11;86;4798
2024;11;87;14827
2024;11;88;8310
2024;11;89;8822
2024;11;90;17318
2024;11;91;8544
2024;11;92;4231
2024;11;93;13038
2024;11;94;11066
2024;11;95;8706
2024;11;96;1966
2024;11;97;1175
2024;11;98;5697
2024;11;99;3391
2024;11;100;2670
2024;11;101;1955
2024;11;102;1362
2024;11;103;732
2024;11;104;909
2024;11;105;1453
2024;11;106;1463
2024;11;107;719
2024;11;108;922
2024;11;109;2395
2024;11;110;1827
2024;11;111;948
2024;11;112;8176
2024;11;113;3831
2024;11;114;400
2024;11;115;4108
2024;12;1;8231
2024;12;2;8804
2024;12;3;11690
2024;12;4;15150
2024;12;5;3106
2024;12;6;2032
2024;12;7;2435
2024;12;8;2921
2024;12;9;3197
2024;12;10;5382
2024;12;11;902
2024;12;12;2254
2024;12;13;2822
2024;12;14;4564
2024;12;15;1546
2024;12;16;35148
2024;12;17;4860
2024;12;18;4250
2024;12;19;5987
2024;12;20;1865
2024;12;21;5835
2024;12;22;895
2022;1;1;2007
2022;1;2;1718
2022;1;3;2100
2022;1;4;4914
2022;1;5;846
2022;1;6;1084
2022;1;7;2107
2022;1;8;1743
2022;1;9;1071
2022;1;10;2502
2022;1;11;618
2022;1;12;1034
2022;1;13;782
2022;1;14;2630
2022;1;15;984
2022;1;16;16632
2022;1;17;3452
2022;1;18;3326
2022;1;19;2533
2022;1;20;1293
2022;1;21;1113
2022;1;22;827
2022;1;23;609
2022;1;24;1870
2022;1;25;1761
2022;1;26;1642
2022;1;27;1256
2022;1;28;1311
2022;1;29;2492
2022;1;30;1596
2022;1;31;2520
2022;1;32;6321
2022;1;33;5999
2022;1;34;4732
2022;1;35;3773
2022;1;36;5575
2022;1;37;2567
2022;1;38;2189
2022;1;39;3092
2022;1;40;5502
2022;1;41;2079
2022;1;63;1075
2022;1;64;3161
2022;1;65;886
2022;1;66;436
2022;1;67;1110
2022;1;68;1712
2022;1;69;421
2022;1;70;695
2022;1;71;681
2022;1;72;645
2022;1;73;1214
2022;1;74;3016
2022;1;75;1362
2022;1;76;2118
2022;1;77;1992
2022;1;78;847
2022;1;79;541
2022;1;80;457
2022;1;81;639
2022;1;82;2977
2022;1;83;1730
2022;1;84;335
2022;1;85;1124
2022;1;86;26300
2022;1;87;32245
2022;1;88;32266
2022;1;89;33358
2022;1;90;49100
2022;1;91;19466
2022;1;92;8149
2022;1;93;36090
2022;1;94;39996
2022;1;95;38120
2022;1;96;2650
2022;1;97;1171
2022;1;98;11933
2022;1;99;7597
2022;1;100;15846
2022;1;101;737
2022;1;102;596
2022;1;103;224
2022;1;104;168
2022;1;105;701
2022;1;106;561
2022;1;107;31
2022;1;108;164
2022;1;109;689
2022;1;110;525
2022;1;111;512
2022;1;112;3500
2022;1;113;3369
2022;1;114;384
2022;1;115;562
2022;2;1;2263
2022;2;2;1558
2022;2;3;2738
2022;2;4;4402
2022;2;5;754
2022;2;6;1048
2022;2;7;1979
2022;2;8;2629
2022;2;9;1055
2022;2;10;2396
2022;2;11;668
2022;2;12;1168
2022;2;13;614
2022;2;14;2626
2022;2;15;796
2022;2;16;16014
2022;2;17;3542
2022;2;18;3412
2022;2;19;2677
2022;2;20;2449
2022;2;21;1997
2022;2;22;811
2022;2;23;519
2022;2;24;1712
2022;2;25;1815
2022;2;26;1810
2022;2;27;1238
2022;2;28;1243
2022;2;29;2370
2022;2;30;1492
2022;2;31;2342
2022;2;32;6063
2022;2;33;7539
2022;2;34;4146
2022;2;35;3379
2022;2;36;4789
2022;2;37;2021
2022;2;38;2037
2022;2;39;2682
2022;2;40;7154
2022;2;41;1857
2022;2;63;1019
2022;2;64;3129
2022;2;65;748
2022;2;66;440
2022;2;67;1140
2022;2;68;1614
2022;2;69;381
2022;2;70;669
2022;2;71;609
2022;2;72;629
2022;2;73;1302
2022;2;74;2852
2022;2;75;1130
2022;2;76;2114
2022;2;77;1874
2022;2;78;1015
2022;2;79;591
2022;2;80;427
2022;2;81;623
2022;2;82;3071
2022;2;83;1646
2022;2;84;283
2022;2;85;1064
2022;2;86;24942
2022;2;87;30837
2022;2;88;31606
2022;2;89;32324
2022;2;90;46354
2022;2;91;18542
2022;2;92;7783
2022;2;93;34862
2022;2;94;39156
2022;2;95;36868
2022;2;96;2512
2022;2;97;1147
2022;2;98;11507
2022;2;99;7327
2022;2;100;15000
2022;2;101;761
2022;2;102;608
2022;2;103;224
2022;2;104;152
2022;2;105;735
2022;2;106;577
2022;2;107;31
2022;2;108;158
2022;2;109;3031
2022;2;110;763
2022;2;111;576
2022;2;112;3500
2022;2;113;3369
2022;2;114;372
2022;2;115;446
2022;3;1;1965
2022;3;2;1066
2022;3;3;2468
2022;3;4;5778
2022;3;5;1174
2022;3;6;1032
2022;3;7;3069
2022;3;8;2349
2022;3;9;805
2022;3;10;2218
2022;3;11;674
2022;3;12;804
2022;3;13;548
2022;3;14;2604
2022;3;15;850
2022;3;16;15444
2022;3;17;3424
2022;3;18;3064
2022;3;19;2751
2022;3;20;2351
2022;3;21;1899
2022;3;22;721
2022;3;23;453
2022;3;24;1624
2022;3;25;1749
2022;3;26;1830
2022;3;27;1214
2022;3;28;1215
2022;3;29;2940
2022;3;30;1472
2022;3;31;3214
2022;3;32;8103
2022;3;33;6943
2022;3;34;6236
2022;3;35;4551
2022;3;36;4619
2022;3;37;1771
2022;3;38;1737
2022;3;39;2424
2022;3;40;6566
2022;3;41;1743
2022;3;63;1071
2022;3;64;3045
2022;3;65;698
2022;3;66;420
2022;3;67;1068
2022;3;68;1686
2022;3;69;329
2022;3;70;627
2022;3;71;649
2022;3;72;571
2022;3;73;1132
2022;3;74;2930
2022;3;75;1124
2022;3;76;2170
2022;3;77;1958
2022;3;78;955
2022;3;79;499
2022;3;80;327
2022;3;81;667
2022;3;82;3245
2022;3;83;1606
2022;3;84;295
2022;3;85;1052
2022;3;86;23088
2022;3;87;27265
2022;3;88;27060
2022;3;89;29268
2022;3;90;42798
2022;3;91;16880
2022;3;92;7053
2022;3;93;31048
2022;3;94;34954
2022;3;95;33556
2022;3;96;2052
2022;3;97;1365
2022;3;98;10347
2022;3;99;6391
2022;3;100;13408
2022;3;101;775
2022;3;102;520
2022;3;103;403
2022;3;104;405
2022;3;105;757
2022;3;106;633
2022;3;107;-31
2022;3;108;416
2022;3;109;2839
2022;3;110;513
2022;3;111;520
2022;3;112;3144
2022;3;113;2975
2022;3;114;334
2022;3;115;2292
2022;4;1;1837
2022;4;2;1330
2022;4;3;2846
2022;4;4;5068
2022;4;5;1050
2022;4;6;954
2022;4;7;2823
2022;4;8;1979
2022;4;9;1749
2022;4;10;2008
2022;4;11;626
2022;4;12;672
2022;4;13;770
2022;4;14;2524
2022;4;15;828
2022;4;16;27088
2022;4;17;3372
2022;4;18;2988
2022;4;19;2475
2022;4;20;1895
2022;4;21;1809
2022;4;22;635
2022;4;23;563
2022;4;24;1578
2022;4;25;1791
2022;4;26;1776
2022;4;27;1244
2022;4;28;1003
2022;4;29;2532
2022;4;30;2240
2022;4;31;2572
2022;4;32;7083
2022;4;33;6417
2022;4;34;4922
2022;4;35;3979
2022;4;36;5081
2022;4;37;2019
2022;4;38;2055
2022;4;39;2898
2022;4;40;5724
2022;4;41;1527
2022;4;63;843
2022;4;64;2981
2022;4;65;770
2022;4;66;474
2022;4;67;1158
2022;4;68;1518
2022;4;69;333
2022;4;70;683
2022;4;71;631
2022;4;72;557
2022;4;73;1022
2022;4;74;2756
2022;4;75;1270
2022;4;76;1996
2022;4;77;1600
2022;4;78;919
2022;4;79;477
2022;4;80;389
2022;4;81;619
2022;4;82;2931
2022;4;83;1650
2022;4;84;243
2022;4;85;1042
2022;4;86;20158
2022;4;87;24011
2022;4;88;23424
2022;4;89;25504
2022;4;90;36980
2022;4;91;14014
2022;4;92;6387
2022;4;93;27400
2022;4;94;30438
2022;4;95;28330
2022;4;96;3412
2022;4;97;1111
2022;4;98;9265
2022;4;99;4981
2022;4;100;11972
2022;4;101;751
2022;4;102;522
2022;4;103;592
2022;4;104;363
2022;4;105;631
2022;4;106;629
2022;4;107;475
2022;4;108;384
2022;4;109;2489
2022;4;110;677
2022;4;111;554
2022;4;112;2912
2022;4;113;2843
2022;4;114;296
2022;4;115;1854
2022;5;1;2397
2022;5;2;752
2022;5;3;2544
2022;5;4;4448
2022;5;5;834
2022;5;6;938
2022;5;7;2617
2022;5;8;1817
2022;5;9;1645
2022;5;10;1826
2022;5;11;585
2022;5;12;884
2022;5;13;1022
2022;5;14;2654
2022;5;15;948
2022;5;16;26192
2022;5;17;3454
2022;5;18;3064
2022;5;19;2509
2022;5;20;1781
2022;5;21;1745
2022;5;22;605
2022;5;23;461
2022;5;24;1672
2022;5;25;1855
2022;5;26;1808
2022;5;27;1298
2022;5;28;1175
2022;5;29;2366
2022;5;30;2128
2022;5;31;2342
2022;5;32;6505
2022;5;33;8203
2022;5;34;4592
2022;5;35;3499
2022;5;36;4491
2022;5;37;1901
2022;5;38;1981
2022;5;39;2728
2022;5;40;4952
2022;5;41;1463
2022;5;63;861
2022;5;64;2831
2022;5;65;794
2022;5;66;456
2022;5;67;1030
2022;5;68;1780
2022;5;69;365
2022;5;70;773
2022;5;71;689
2022;5;72;617
2022;5;73;1234
2022;5;74;2778
2022;5;75;1330
2022;5;76;1906
2022;5;77;1816
2022;5;78;951
2022;5;79;481
2022;5;80;443
2022;5;81;575
2022;5;82;3123
2022;5;83;1742
2022;5;84;323
2022;5;85;1056
2022;5;86;18692
2022;5;87;20333
2022;5;88;19894
2022;5;89;20976
2022;5;90;32106
2022;5;91;12418
2022;5;92;5355
2022;5;93;25034
2022;5;94;26464
2022;5;95;25460
2022;5;96;3042
2022;5;97;1219
2022;5;98;8209
2022;5;99;4265
2022;5;100;10776
2022;5;101;731
2022;5;102;544
2022;5;103;576
2022;5;104;345
2022;5;105;643
2022;5;106;689
2022;5;107;431
2022;5;108;358
2022;5;109;2341
2022;5;110;469
2022;5;111;498
2022;5;112;2544
2022;5;113;2545
2022;5;114;258
2022;5;115;1646
2022;6;1;2799
2022;6;2;254
2022;6;3;2890
2022;6;4;5888
2022;6;5;1162
2022;6;6;1188
2022;6;7;2469
2022;6;8;1679
2022;6;9;1465
2022;6;10;3538
2022;6;11;528
2022;6;12;1060
2022;6;13;858
2022;6;14;2312
2022;6;15;1012
2022;6;16;25340
2022;6;17;3304
2022;6;18;2950
2022;6;19;2669
2022;6;20;1541
2022;6;21;1527
2022;6;22;931
2022;6;23;409
2022;6;24;1834
2022;6;25;1935
2022;6;26;1720
2022;6;27;1300
2022;6;28;1181
2022;6;29;3012
2022;6;30;1850
2022;6;31;3118
2022;6;32;8535
2022;6;33;7435
2022;6;34;6208
2022;6;35;4703
2022;6;36;4151
2022;6;37;1855
2022;6;38;1689
2022;6;39;2312
2022;6;40;6688
2022;6;41;2545
2022;6;63;1037
2022;6;64;2845
2022;6;65;874
2022;6;66;444
2022;6;67;1000
2022;6;68;1478
2022;6;69;331
2022;6;70;705
2022;6;71;647
2022;6;72;623
2022;6;73;954
2022;6;74;2822
2022;6;75;1406
2022;6;76;1916
2022;6;77;1628
2022;6;78;1027
2022;6;79;487
2022;6;80;403
2022;6;81;543
2022;6;82;3103
2022;6;83;1780
2022;6;84;315
2022;6;85;978
2022;6;86;16064
2022;6;87;17175
2022;6;88;17366
2022;6;89;18318
2022;6;90;27102
2022;6;91;10254
2022;6;92;4355
2022;6;93;21804
2022;6;94;22108
2022;6;95;22220
2022;6;96;2734
2022;6;97;1081
2022;6;98;6611
2022;6;99;3623
2022;6;100;9386
2022;6;101;687
2022;6;102;516
2022;6;103;536
2022;6;104;321
2022;6;105;681
2022;6;106;639
2022;6;107;419
2022;6;108;330
2022;6;109;2213
2022;6;110;593
2022;6;111;524
2022;6;112;2352
2022;6;113;5083
2022;6;114;242
2022;6;115;3268
2022;7;1;2641
2022;7;2;1158
2022;7;3;2658
2022;7;4;5308
2022;7;5;950
2022;7;6;1090
2022;7;7;2271
2022;7;8;1395
2022;7;9;1305
2022;7;10;3182
2022;7;11;504
2022;7;12;1108
2022;7;13;1082
2022;7;14;2422
2022;7;15;1070
2022;7;16;24546
2022;7;17;3422
2022;7;18;3056
2022;7;19;2627
2022;7;20;1291
2022;7;21;1391
2022;7;22;859
2022;7;23;521
2022;7;24;1764
2022;7;25;1725
2022;7;26;1856
2022;7;27;1284
2022;7;28;1185
2022;7;29;2426
2022;7;30;1456
2022;7;31;2864
2022;7;32;7233
2022;7;33;6369
2022;7;34;5206
2022;7;35;4131
2022;7;36;5975
2022;7;37;2949
2022;7;38;1987
2022;7;39;2980
2022;7;40;5924
2022;7;41;2277
2022;7;63;881
2022;7;64;2643
2022;7;65;738
2022;7;66;342
2022;7;67;1110
2022;7;68;1398
2022;7;69;347
2022;7;70;621
2022;7;71;567
2022;7;72;703
2022;7;73;952
2022;7;74;2678
2022;7;75;1190
2022;7;76;1710
2022;7;77;1564
2022;7;78;981
2022;7;79;411
2022;7;80;423
2022;7;81;547
2022;7;82;3079
2022;7;83;1844
2022;7;84;159
2022;7;85;922
2022;7;86;20870
2022;7;87;21039
2022;7;88;24458
2022;7;89;28226
2022;7;90;29628
2022;7;91;15440
2022;7;92;6415
2022;7;93;25456
2022;7;94;39482
2022;7;95;25150
2022;7;96;2418
2022;7;97;1173
2022;7;98;11015
2022;7;99;5709
2022;7;100;15030
2022;7;101;679
2022;7;102;576
2022;7;103;510
2022;7;104;307
2022;7;105;735
2022;7;106;695
2022;7;107;411
2022;7;108;310
2022;7;109;2057
2022;7;110;507
2022;7;111;492
2022;7;112;2230
2022;7;113;4837
2022;7;114;226
2022;7;115;3064
2022;8;1;2803
2022;8;2;728
2022;8;3;3098
2022;8;4;5128
2022;8;5;788
2022;8;6;1038
2022;8;7;2215
2022;8;8;3079
2022;8;9;1115
2022;8;10;2982
2022;8;11;664
2022;8;12;1322
2022;8;13;1266
2022;8;14;2482
2022;8;15;1056
2022;8;16;23962
2022;8;17;3448
2022;8;18;3356
2022;8;19;2647
2022;8;20;2995
2022;8;21;2217
2022;8;22;829
2022;8;23;455
2022;8;24;1892
2022;8;25;1773
2022;8;26;1910
2022;8;27;1336
2022;8;28;1275
2022;8;29;2214
2022;8;30;2800
2022;8;31;2524
2022;8;32;6645
2022;8;33;7793
2022;8;34;4884
2022;8;35;3649
2022;8;36;5591
2022;8;37;2771
2022;8;38;1835
2022;8;39;2658
2022;8;40;5856
2022;8;41;2157
2022;8;63;1257
2022;8;64;2855
2022;8;65;934
2022;8;66;474
2022;8;67;1220
2022;8;68;1440
2022;8;69;365
2022;8;70;699
2022;8;71;537
2022;8;72;751
2022;8;73;1018
2022;8;74;3142
2022;8;75;1214
2022;8;76;1924
2022;8;77;1890
2022;8;78;1035
2022;8;79;563
2022;8;80;541
2022;8;81;573
2022;8;82;3479
2022;8;83;1952
2022;8;84;91
2022;8;85;958
2022;8;86;19396
2022;8;87;18585
2022;8;88;21682
2022;8;89;25366
2022;8;90;26930
2022;8;91;13946
2022;8;92;5987
2022;8;93;22256
2022;8;94;35542
2022;8;95;22738
2022;8;96;2032
2022;8;97;1073
2022;8;98;9835
2022;8;99;4937
2022;8;100;13740
2022;8;101;719
2022;8;102;648
2022;8;103;488
2022;8;104;295
2022;8;105;821
2022;8;106;751
2022;8;107;395
2022;8;108;290
2022;8;109;1907
2022;8;110;741
2022;8;111;580
2022;8;112;2096
2022;8;113;4721
2022;8;114;216
2022;8;115;2976
2022;9;1;2285
2022;9;2;500
2022;9;3;2706
2022;9;4;6662
2022;9;5;1324
2022;9;6;910
2022;9;7;3331
2022;9;8;2911
2022;9;9;911
2022;9;10;2648
2022;9;11;744
2022;9;12;1300
2022;9;13;1218
2022;9;14;2600
2022;9;15;1030
2022;9;16;22848
2022;9;17;3432
2022;9;18;3546
2022;9;19;2429
2022;9;20;2821
2022;9;21;1987
2022;9;22;783
2022;9;23;421
2022;9;24;1788
2022;9;25;1581
2022;9;26;1708
2022;9;27;1378
2022;9;28;1373
2022;9;29;3206
2022;9;30;2548
2022;9;31;3366
2022;9;32;8819
2022;9;33;6993
2022;9;34;6958
2022;9;35;5563
2022;9;36;4909
2022;9;37;2447
2022;9;38;1589
2022;9;39;2402
2022;9;40;4904
2022;9;41;1893
2022;9;63;1173
2022;9;64;2627
2022;9;65;686
2022;9;66;664
2022;9;67;1228
2022;9;68;1694
2022;9;69;453
2022;9;70;719
2022;9;71;669
2022;9;72;695
2022;9;73;1118
2022;9;74;3322
2022;9;75;1562
2022;9;76;2372
2022;9;77;2040
2022;9;78;851
2022;9;79;677
2022;9;80;585
2022;9;81;745
2022;9;82;3451
2022;9;83;2044
2022;9;84;115
2022;9;85;1038
2022;9;86;17864
2022;9;87;16763
2022;9;88;20340
2022;9;89;23218
2022;9;90;23604
2022;9;91;13326
2022;9;92;5181
2022;9;93;21076
2022;9;94;32306
2022;9;95;20988
2022;9;96;1802
2022;9;97;1267
2022;9;98;9517
2022;9;99;4421
2022;9;100;12818
2022;9;101;761
2022;9;102;642
2022;9;103;452
2022;9;104;267
2022;9;105;759
2022;9;106;749
2022;9;107;359
2022;9;108;234
2022;9;109;1621
2022;9;110;609
2022;9;111;540
2022;9;112;1744
2022;9;113;4357
2022;9;114;178
2022;9;115;2408
2022;10;1;1689
2022;10;2;628
2022;10;3;2672
2022;10;4;5498
2022;10;5;946
2022;10;6;756
2022;10;7;3061
2022;10;8;2415
2022;10;9;1871
2022;10;10;1992
2022;10;11;538
2022;10;12;828
2022;10;13;792
2022;10;14;2064
2022;10;15;890
2022;10;16;21492
2022;10;17;2832
2022;10;18;3148
2022;10;19;2077
2022;10;20;2431
2022;10;21;1621
2022;10;22;635
2022;10;23;483
2022;10;24;1662
2022;10;25;1605
2022;10;26;1452
2022;10;27;1186
2022;10;28;1181
2022;10;29;2450
2022;10;30;2020
2022;10;31;2714
2022;10;32;6879
2022;10;33;5285
2022;10;34;5410
2022;10;35;4421
2022;10;36;5563
2022;10;37;2969
2022;10;38;2057
2022;10;39;2958
2022;10;40;7264
2022;10;41;1505
2022;10;63;847
2022;10;64;2881
2022;10;65;-166
2022;10;66;468
2022;10;67;920
2022;10;68;1676
2022;10;69;343
2022;10;70;639
2022;10;71;525
2022;10;72;643
2022;10;73;686
2022;10;74;2598
2022;10;75;996
2022;10;76;1966
2022;10;77;1662
2022;10;78;405
2022;10;79;475
2022;10;80;523
2022;10;81;591
2022;10;82;2903
2022;10;83;1572
2022;10;84;463
2022;10;85;1004
2022;10;86;15020
2022;10;87;16763
2022;10;88;20220
2022;10;89;23108
2022;10;90;22948
2022;10;91;13016
2022;10;92;5155
2022;10;93;20990
2022;10;94;32284
2022;10;95;20684
2022;10;96;2042
2022;10;97;1227
2022;10;98;9307
2022;10;99;4221
2022;10;100;10482
2022;10;101;737
2022;10;102;646
2022;10;103;376
2022;10;104;229
2022;10;105;715
2022;10;106;709
2022;10;107;331
2022;10;108;200
2022;10;109;1323
2022;10;110;691
2022;10;111;544
2022;10;112;1318
2022;10;113;4111
2022;10;114;130
2022;10;115;1826
2022;11;1;1829
2022;11;2;2262
2022;11;3;2092
2022;11;4;4960
2022;11;5;888
2022;11;6;1146
2022;11;7;2901
2022;11;8;2119
2022;11;9;1693
2022;11;10;1706
2022;11;11;512
2022;11;12;922
2022;11;13;748
2022;11;14;2300
2022;11;15;840
2022;11;16;21166
2022;11;17;2768
2022;11;18;3108
2022;11;19;2249
2022;11;20;2197
2022;11;21;1513
2022;11;22;571
2022;11;23;457
2022;11;24;1758
2022;11;25;1717
2022;11;26;1488
2022;11;27;1216
2022;11;28;993
2022;11;29;2344
2022;11;30;1680
2022;11;31;2382
2022;11;32;6151
2022;11;33;6745
2022;11;34;5094
2022;11;35;3741
2022;11;36;4685
2022;11;37;2287
2022;11;38;1775
2022;11;39;2468
2022;11;40;6348
2022;11;41;1283
2022;11;63;1065
2022;11;64;3259
2022;11;65;202
2022;11;66;428
2022;11;67;970
2022;11;68;1744
2022;11;69;493
2022;11;70;725
2022;11;71;587
2022;11;72;615
2022;11;73;780
2022;11;74;3084
2022;11;75;1260
2022;11;76;2096
2022;11;77;1654
2022;11;78;469
2022;11;79;533
2022;11;80;549
2022;11;81;615
2022;11;82;2905
2022;11;83;1612
2022;11;84;915
2022;11;85;906
2022;11;86;14268
2022;11;87;16389
2022;11;88;19004
2022;11;89;22748
2022;11;90;22446
2022;11;91;12378
2022;11;92;5133
2022;11;93;20360
2022;11;94;31452
2022;11;95;19430
2022;11;96;1872
2022;11;97;1155
2022;11;98;9267
2022;11;99;4107
2022;11;100;8992
2022;11;101;775
2022;11;102;658
2022;11;103;328
2022;11;104;197
2022;11;105;723
2022;11;106;735
2022;11;107;309
2022;11;108;182
2022;11;109;1211
2022;11;110;455
2022;11;111;498
2022;11;112;5480
2022;11;113;3813
2022;11;114;84
2022;11;115;1608
2022;12;1;2157
2022;12;2;1552
2022;12;3;3396
2022;12;4;6734
2022;12;5;1922
2022;12;6;1122
2022;12;7;2629
2022;12;8;2039
2022;12;9;1453
2022;12;10;1438
2022;12;11;616
2022;12;12;1010
2022;12;13;874
2022;12;14;2436
2022;12;15;1006
2022;12;16;20716
2022;12;17;3002
2022;12;18;3218
2022;12;19;2351
2022;12;20;1955
2022;12;21;1387
2022;12;22;535
2022;12;23;435
2022;12;24;2084
2022;12;25;1713
2022;12;26;1474
2022;12;27;1212
2022;12;28;1427
2022;12;29;3608
2022;12;30;2970
2022;12;31;3114
2022;12;32;7813
2022;12;33;5835
2022;12;34;6772
2022;12;35;5469
2022;12;36;4211
2022;12;37;2243
2022;12;38;1611
2022;12;39;2356
2022;12;40;5010
2022;12;41;1243
2022;12;63;1219
2022;12;64;3461
2022;12;65;758
2022;12;66;416
2022;12;67;1068
2022;12;68;1734
2022;12;69;545
2022;12;70;715
2022;12;71;693
2022;12;72;651
2022;12;73;824
2022;12;74;2986
2022;12;75;1512
2022;12;76;1896
2022;12;77;1884
2022;12;78;617
2022;12;79;511
2022;12;80;587
2022;12;81;571
2022;12;82;2715
2022;12;83;1558
2022;12;84;697
2022;12;85;1068
2022;12;86;13424
2022;12;87;15813
2022;12;88;18692
2022;12;89;21840
2022;12;90;22114
2022;12;91;12250
2022;12;92;4927
2022;12;93;19226
2022;12;94;30936
2022;12;95;18328
2022;12;96;1808
2022;12;97;1115
2022;12;98;8915
2022;12;99;4031
2022;12;100;8356
2022;12;101;909
2022;12;102;688
2022;12;103;300
2022;12;104;175
2022;12;105;737
2022;12;106;819
2022;12;107;287
2022;12;108;168
2022;12;109;1051
2022;12;110;829
2022;12;111;652
2022;12;112;5320
2022;12;113;3571
2022;12;114;46
2022;12;115;1328
2023;1;1;2677
2023;1;2;4760
2023;1;3;2760
2023;1;4;6074
2023;1;5;1658
2023;1;6;1060
2023;1;7;2367
2023;1;8;1725
2023;1;9;1407
2023;1;10;3952
2023;1;11;676
2023;1;12;1138
2023;1;13;1030
2023;1;14;2682
2023;1;15;922
2023;1;16;20096
2023;1;17;2796
2023;1;18;3362
2023;1;19;2147
2023;1;20;1693
2023;1;21;1119
2023;1;22;1187
2023;1;23;757
2023;1;24;2434
2023;1;25;1811
2023;1;26;1584
2023;1;27;1290
2023;1;28;1889
2023;1;29;3178
2023;1;30;2562
2023;1;31;2832
2023;1;32;7099
2023;1;33;5209
2023;1;34;5802
2023;1;35;5025
2023;1;36;7039
2023;1;37;3713
2023;1;38;2619
2023;1;39;4370
2023;1;40;4852
2023;1;41;3525
2023;1;42;3595
2023;1;43;6465
2023;1;44;6432
2023;1;45;1858
2023;1;46;1766
2023;1;47;5397
2023;1;48;1946
2023;1;49;1144
2023;1;50;18315
2023;1;51;9048
2023;1;52;5848
2023;1;53;7340
2023;1;54;7103
2023;1;55;4240
2023;1;56;8140
2023;1;57;1694
2023;1;58;1839
2023;1;59;673
2023;1;60;8129
2023;1;61;7695
2023;1;62;2932
2023;1;63;1479
2023;1;64;3491
2023;1;65;962
2023;1;66;480
2023;1;67;1042
2023;1;68;1688
2023;1;69;459
2023;1;70;797
2023;1;71;843
2023;1;72;725
2023;1;73;922
2023;1;74;3088
2023;1;75;2094
2023;1;76;2104
2023;1;77;1790
2023;1;78;787
2023;1;79;573
2023;1;80;567
2023;1;81;581
2023;1;82;2621
2023;1;83;1724
2023;1;84;477
2023;1;85;1122
2023;1;86;19926
2023;1;87;25943
2023;1;88;25116
2023;1;89;25348
2023;1;90;35326
2023;1;91;17620
2023;1;92;7625
2023;1;93;22336
2023;1;94;33356
2023;1;95;24656
2023;1;96;2104
2023;1;97;1085
2023;1;98;11089
2023;1;99;6463
2023;1;100;13528
2023;1;101;1045
2023;1;102;732
2023;1;103;254
2023;1;104;145
2023;1;105;855
2023;1;106;811
2023;1;107;261
2023;1;108;150
2023;1;109;861
2023;1;110;813
2023;1;111;624
2023;1;112;5108
2023;1;113;6357
2023;1;114;626
2023;1;115;1126
2023;2;1;2921
2023;2;2;4064
2023;2;3;4306
2023;2;4;5866
2023;2;5;1214
2023;2;6;904
2023;2;7;2279
2023;2;8;3873
2023;2;9;1255
2023;2;10;3758
2023;2;11;676
2023;2;12;1014
2023;2;13;1196
2023;2;14;3150
2023;2;15;902
2023;2;16;19380
2023;2;17;3132
2023;2;18;3834
2023;2;19;2405
2023;2;20;3511
2023;2;21;3355
2023;2;22;1085
2023;2;23;631
2023;2;24;2692
2023;2;25;1617
2023;2;26;1656
2023;2;27;1364
2023;2;28;1935
2023;2;29;2812
2023;2;30;2314
2023;2;31;2484
2023;2;32;6473
2023;2;33;9875
2023;2;34;5118
2023;2;35;4765
2023;2;36;6411
2023;2;37;3311
2023;2;38;2277
2023;2;39;4028
2023;2;40;9552
2023;2;41;3295
2023;2;42;3721
2023;2;43;6673
2023;2;44;6636
2023;2;45;1930
2023;2;46;1888
2023;2;47;5729
2023;2;48;2032
2023;2;49;1134
2023;2;50;18133
2023;2;51;9486
2023;2;52;6112
2023;2;53;7228
2023;2;54;7431
2023;2;55;4644
2023;2;56;8000
2023;2;57;1849
2023;2;58;1791
2023;2;59;749
2023;2;60;8019
2023;2;61;7925
2023;2;62;2986
2023;2;63;1951
2023;2;64;4135
2023;2;65;1542
2023;2;66;638
2023;2;67;1034
2023;2;68;1904
2023;2;69;639
2023;2;70;945
2023;2;71;1041
2023;2;72;911
2023;2;73;1324
2023;2;74;3140
2023;2;75;2480
2023;2;76;2492
2023;2;77;2312
2023;2;78;937
2023;2;79;743
2023;2;80;727
2023;2;81;753
2023;2;82;2807
2023;2;83;2026
2023;2;84;401
2023;2;85;1288
2023;2;86;19488
2023;2;87;25395
2023;2;88;24360
2023;2;89;24796
2023;2;90;34620
2023;2;91;17256
2023;2;92;7417
2023;2;93;21870
2023;2;94;32800
2023;2;95;24250
2023;2;96;2104
2023;2;97;1049
2023;2;98;10829
2023;2;99;6419
2023;2;100;13232
2023;2;101;1161
2023;2;102;798
2023;2;103;250
2023;2;104;135
2023;2;105;1005
2023;2;106;853
2023;2;107;261
2023;2;108;138
2023;2;109;4391
2023;2;110;1313
2023;2;111;806
2023;2;112;4914
2023;2;113;6227
2023;2;114;606
2023;2;115;784
2023;3;1;3111
2023;3;2;3436
2023;3;3;3852
2023;3;4;7304
2023;3;5;2212
2023;3;6;780
2023;3;7;3803
2023;3;8;3445
2023;3;9;939
2023;3;10;3474
2023;3;11;558
2023;3;12;1054
2023;3;13;1146
2023;3;14;3054
2023;3;15;890
2023;3;16;18678
2023;3;17;3658
2023;3;18;3368
2023;3;19;2287
2023;3;20;3293
2023;3;21;3109
2023;3;22;1043
2023;3;23;571
2023;3;24;2574
2023;3;25;1635
2023;3;26;1792
2023;3;27;1580
2023;3;28;1877
2023;3;29;4386
2023;3;30;1822
2023;3;31;4612
2023;3;32;11811
2023;3;33;7789
2023;3;34;9238
2023;3;35;7731
2023;3;36;5215
2023;3;37;3107
2023;3;38;1661
2023;3;39;3546
2023;3;40;8602
2023;3;41;2997
2023;3;42;3591
2023;3;43;6397
2023;3;44;6378
2023;3;45;1856
2023;3;46;1886
2023;3;47;5905
2023;3;48;1946
2023;3;49;1064
2023;3;50;25053
2023;3;51;9866
2023;3;52;6162
2023;3;53;7402
2023;3;54;7167
2023;3;55;4692
2023;3;56;7570
2023;3;57;1774
2023;3;58;1831
2023;3;59;857
2023;3;60;9579
2023;3;61;7491
2023;3;62;2760
2023;3;63;2145
2023;3;64;4295
2023;3;65;1966
2023;3;66;724
2023;3;67;1202
2023;3;68;1658
2023;3;69;683
2023;3;70;927
2023;3;71;1179
2023;3;72;1005
2023;3;73;1464
2023;3;74;3356
2023;3;75;2762
2023;3;76;2438
2023;3;77;2806
2023;3;78;1053
2023;3;79;715
2023;3;80;899
2023;3;81;709
2023;3;82;2655
2023;3;83;2132
2023;3;84;179
2023;3;85;1312
2023;3;86;18468
2023;3;87;22709
2023;3;88;22266
2023;3;89;23022
2023;3;90;32272
2023;3;91;15620
2023;3;92;6943
2023;3;93;20330
2023;3;94;29426
2023;3;95;22122
2023;3;96;1856
2023;3;97;1567
2023;3;98;10111
2023;3;99;5655
2023;3;100;12390
2023;3;101;1153
2023;3;102;768
2023;3;103;554
2023;3;104;937
2023;3;105;1011
2023;3;106;847
2023;3;107;967
2023;3;108;1014
2023;3;109;4925
2023;3;110;867
2023;3;111;616
2023;3;112;4142
2023;3;113;5669
2023;3;114;540
2023;3;115;3960
2023;4;1;2939
2023;4;2;5920
2023;4;3;4866
2023;4;4;6602
2023;4;5;1852
2023;4;6;1212
2023;4;7;3333
2023;4;8;3047
2023;4;9;2499
2023;4;10;2610
2023;4;11;480
2023;4;12;714
2023;4;13;1064
2023;4;14;2648
2023;4;15;730
2023;4;16;37662
2023;4;17;3698
2023;4;18;2628
2023;4;19;2147
2023;4;20;2813
2023;4;21;2689
2023;4;22;855
2023;4;23;841
2023;4;24;2426
2023;4;25;1761
2023;4;26;1838
2023;4;27;1578
2023;4;28;1769
2023;4;29;3220
2023;4;30;3314
2023;4;31;3852
2023;4;32;10159
2023;4;33;6205
2023;4;34;7062
2023;4;35;6791
2023;4;36;8241
2023;4;37;4031
2023;4;38;2449
2023;4;39;4642
2023;4;40;7466
2023;4;41;2657
2023;4;42;3271
2023;4;43;6147
2023;4;44;5822
2023;4;45;1676
2023;4;46;1802
2023;4;47;5605
2024;12;23;1985
2024;12;24;7992
2024;12;25;5039
2024;12;26;4544
2024;12;27;3904
2024;12;28;4969
2024;12;29;9260
2024;12;30;7152
2024;12;31;12272
2024;12;32;23061
2024;12;33;23231
2024;12;34;28148
2024;12;35;16939
2024;12;36;13557
2024;12;37;5513
2024;12;38;4387
2024;12;39;9074
2024;12;40;12144
2024;12;41;5193
2024;12;42;4857
2024;12;43;7411
2024;12;44;8922
2024;12;45;2912
2024;12;46;3338
2024;12;47;8519
2024;12;48;3418
2024;12;49;1622
2024;12;50;45455
2024;12;51;12584
2024;12;52;7354
2024;12;53;8464
2024;12;54;13049
2024;12;55;8514
2024;12;56;14006
2024;12;57;4593
2024;12;58;4861
2024;12;59;2953
2024;12;60;14109
2024;12;61;10025
2024;12;62;8552
2024;12;63;5241
2024;12;64;12605
2024;12;65;3926
2024;12;66;1694
2024;12;67;1790
2024;12;68;5724
2024;12;69;1451
2024;12;70;2645
2024;12;71;3043
2024;12;72;4197
2024;12;73;7894
2024;12;74;19542
2024;12;75;4962
2024;12;76;10724
2024;12;77;4422
2024;12;78;645
2024;12;79;1579
2024;12;80;1979
2024;12;81;1741
2024;12;82;4247
2024;12;83;3402
2024;12;84;1799
2024;12;85;1818
2024;12;86;4194
2024;12;87;14449
2024;12;88;7478
2024;12;89;8560
2024;12;90;16804
2024;12;91;8450
2024;12;92;4193
2024;12;93;12674
2024;12;94;10030
2024;12;95;7886
2024;12;96;1966
2024;12;97;1139
2024;12;98;5659
2024;12;99;3295
2024;12;100;2354
2024;12;101;2037
2024;12;102;1510
2024;12;103;670
2024;12;104;853
2024;12;105;1581
2024;12;106;1553
2024;12;107;673
2024;12;108;862
2024;12;109;2065
2024;12;110;2425
2024;12;111;1128
2024;12;112;7810
2024;12;113;3485
2024;12;114;350
2024;12;115;3310
