,INVENTORY_YEAR,INVENTORY_MONTH,PRODUCT_NUMBER,INVENTORY_COUNT
0,2023,4,48,1932
1,2023,4,49,1400
2,2023,4,50,21705
3,2023,4,51,9710
4,2023,4,52,5616
5,2023,4,53,7060
6,2023,4,54,6943
7,2023,4,55,4432
8,2023,4,56,14188
9,2023,4,57,1599
10,2023,4,58,1645
11,2023,4,59,749
12,2023,4,60,8419
13,2023,4,61,7175
14,2023,4,62,2428
15,2023,4,63,2091
16,2023,4,64,4175
17,2023,4,65,1754
18,2023,4,66,576
19,2023,4,67,1354
20,2023,4,68,1576
21,2023,4,69,609
22,2023,4,70,803
23,2023,4,71,1009
24,2023,4,72,1009
25,2023,4,73,1508
26,2023,4,74,2690
27,2023,4,75,2416
28,2023,4,76,1938
29,2023,4,77,2354
30,2023,4,78,1073
31,2023,4,79,733
32,2023,4,80,889
33,2023,4,81,573
34,2023,4,82,2075
35,2023,4,83,2034
36,2023,4,84,-183
37,2023,4,85,1390
38,2023,4,86,17366
39,2023,4,87,19789
40,2023,4,88,18456
41,2023,4,89,21414
42,2023,4,90,29722
43,2023,4,91,14100
44,2023,4,92,6273
45,2023,4,93,17880
46,2023,4,94,26290
47,2023,4,95,20552
48,2023,4,96,3404
49,2023,4,97,1375
50,2023,4,98,9473
51,2023,4,99,4885
52,2023,4,100,11760
53,2023,4,101,985
54,2023,4,102,592
55,2023,4,103,860
56,2023,4,104,833
57,2023,4,105,699
58,2023,4,106,609
59,2023,4,107,869
60,2023,4,108,904
61,2023,4,109,4337
62,2023,4,110,813
63,2023,4,111,662
64,2023,4,112,3610
65,2023,4,113,4663
66,2023,4,114,736
67,2023,4,115,2766
68,2023,5,1,3087
69,2023,5,2,5156
70,2023,5,3,4422
71,2023,5,4,5786
72,2023,5,5,1466
73,2023,5,6,1102
74,2023,5,7,3075
75,2023,5,8,2733
76,2023,5,9,2393
77,2023,5,10,2336
78,2023,5,11,528
79,2023,5,12,996
80,2023,5,13,1058
81,2023,5,14,2816
82,2023,5,15,820
83,2023,5,16,36712
84,2023,5,17,4192
85,2023,5,18,2994
86,2023,5,19,2263
87,2023,5,20,2531
88,2023,5,21,2567
89,2023,5,22,753
90,2023,5,23,737
91,2023,5,24,2456
92,2023,5,25,1995
93,2023,5,26,1896
94,2023,5,27,1938
95,2023,5,28,1909
96,2023,5,29,2944
97,2023,5,30,3088
98,2023,5,31,3328
99,2023,5,32,8827
100,2023,5,33,9951
101,2023,5,34,6282
102,2023,5,35,5405
103,2023,5,36,7031
104,2023,5,37,3587
105,2023,5,38,2069
106,2023,5,39,4174
107,2023,5,40,6908
108,2023,5,41,2425
109,2023,5,42,3139
110,2023,5,43,6445
111,2023,5,44,5530
112,2023,5,45,1630
113,2023,5,46,1792
114,2023,5,47,5737
115,2023,5,48,1978
116,2023,5,49,1288
117,2023,5,50,20355
118,2023,5,51,9930
119,2023,5,52,5840
120,2023,5,53,7510
121,2023,5,54,7235
122,2023,5,55,4722
123,2023,5,56,13708
124,2023,5,57,1685
125,2023,5,58,1879
126,2023,5,59,1005
127,2023,5,60,10175
128,2023,5,61,7251
129,2023,5,62,2816
130,2023,5,63,2403
131,2023,5,64,4679
132,2023,5,65,2386
133,2023,5,66,680
134,2023,5,67,1530
135,2023,5,68,1690
136,2023,5,69,709
137,2023,5,70,901
138,2023,5,71,1073
139,2023,5,72,1061
140,2023,5,73,1878
141,2023,5,74,2758
142,2023,5,75,2446
143,2023,5,76,2474
144,2023,5,77,2600
145,2023,5,78,997
146,2023,5,79,873
147,2023,5,80,1075
148,2023,5,81,723
149,2023,5,82,2463
150,2023,5,83,2266
151,2023,5,84,-57
152,2023,5,85,1472
153,2023,5,86,16850
154,2023,5,87,19155
155,2023,5,88,17754
156,2023,5,89,20090
157,2023,5,90,28170
158,2023,5,91,12556
159,2023,5,92,5877
160,2023,5,93,16910
161,2023,5,94,24676
162,2023,5,95,18706
163,2023,5,96,3298
164,2023,5,97,1287
165,2023,5,98,9037
166,2023,5,99,4279
167,2023,5,100,11200
168,2023,5,101,941
169,2023,5,102,698
170,2023,5,103,810
171,2023,5,104,789
172,2023,5,105,713
173,2023,5,106,645
174,2023,5,107,829
175,2023,5,108,884
176,2023,5,109,4035
177,2023,5,110,597
178,2023,5,111,556
179,2023,5,112,3466
180,2023,5,113,4199
181,2023,5,114,706
182,2023,5,115,2598
183,2023,6,1,2693
184,2023,6,2,4046
185,2023,6,3,4738
186,2023,6,4,6976
187,2023,6,5,2274
188,2023,6,6,1004
189,2023,6,7,2907
190,2023,6,8,2141
191,2023,6,9,1901
192,2023,6,10,6052
193,2023,6,11,654
194,2023,6,12,1066
195,2023,6,13,1106
196,2023,6,14,3104
197,2023,6,15,600
198,2023,6,16,34978
199,2023,6,17,3958
200,2023,6,18,3228
201,2023,6,19,2159
202,2023,6,20,2053
203,2023,6,21,2425
204,2023,6,22,1385
205,2023,6,23,683
206,2023,6,24,2524
207,2023,6,25,2103
208,2023,6,26,2036
209,2023,6,27,1960
210,2023,6,28,2055
211,2023,6,29,4498
212,2023,6,30,2582
213,2023,6,31,4998
214,2023,6,32,13277
215,2023,6,33,7995
216,2023,6,34,11878
217,2023,6,35,8151
218,2023,6,36,6007
219,2023,6,37,3333
220,2023,6,38,1721
221,2023,6,39,3484
222,2023,6,40,11762
223,2023,6,41,4431
224,2023,6,42,3065
225,2023,6,43,6133
226,2023,6,44,5144
227,2023,6,45,1528
228,2023,6,46,1810
229,2023,6,47,5615
230,2023,6,48,2102
231,2023,6,49,1160
232,2023,6,50,26603
233,2023,6,51,9530
234,2023,6,52,5804
235,2023,6,53,7482
236,2023,6,54,7479
237,2023,6,55,4638
238,2023,6,56,13022
239,2023,6,57,1703
240,2023,6,58,1807
241,2023,6,59,1015
242,2023,6,60,9335
243,2023,6,61,7213
244,2023,6,62,2688
245,2023,6,63,2341
246,2023,6,64,4759
247,2023,6,65,2460
248,2023,6,66,674
249,2023,6,67,1484
250,2023,6,68,1452
251,2023,6,69,823
252,2023,6,70,849
253,2023,6,71,1061
254,2023,6,72,1037
255,2023,6,73,2150
256,2023,6,74,2926
257,2023,6,75,2558
258,2023,6,76,2336
259,2023,6,77,2836
260,2023,6,78,813
261,2023,6,79,875
262,2023,6,80,1101
263,2023,6,81,669
264,2023,6,82,2575
265,2023,6,83,2280
266,2023,6,84,-297
267,2023,6,85,1568
268,2023,6,86,14688
269,2023,6,87,17797
270,2023,6,88,15464
271,2023,6,89,17928
272,2023,6,90,25234
273,2023,6,91,10842
274,2023,6,92,5449
275,2023,6,93,14198
276,2023,6,94,22576
277,2023,6,95,16452
278,2023,6,96,3060
279,2023,6,97,1671
280,2023,6,98,8055
281,2023,6,99,3945
282,2023,6,100,10218
283,2023,6,101,901
284,2023,6,102,664
285,2023,6,103,756
286,2023,6,104,719
287,2023,6,105,577
288,2023,6,106,533
289,2023,6,107,709
290,2023,6,108,794
291,2023,6,109,3309
292,2023,6,110,695
293,2023,6,111,638
294,2023,6,112,2670
295,2023,6,113,6511
296,2023,6,114,656
297,2023,6,115,1640
298,2023,7,1,4111
299,2023,7,2,6838
300,2023,7,3,4154
301,2023,7,4,5612
302,2023,7,5,1954
303,2023,7,6,962
304,2023,7,7,2435
305,2023,7,8,1903
306,2023,7,9,1713
307,2023,7,10,5836
308,2023,7,11,762
309,2023,7,12,1376
310,2023,7,13,1404
311,2023,7,14,3100
312,2023,7,15,684
313,2023,7,16,34376
314,2023,7,17,4078
315,2023,7,18,3640
316,2023,7,19,2529
317,2023,7,20,1681
318,2023,7,21,2109
319,2023,7,22,1293
320,2023,7,23,943
321,2023,7,24,2896
322,2023,7,25,2503
323,2023,7,26,2044
324,2023,7,27,2206
325,2023,7,28,2181
326,2023,7,29,4204
327,2023,7,30,2286
328,2023,7,31,4432
329,2023,7,32,11789
330,2023,7,33,6193
331,2023,7,34,9946
332,2023,7,35,7349
333,2023,7,36,10093
334,2023,7,37,4891
335,2023,7,38,2511
336,2023,7,39,5396
337,2023,7,40,10748
338,2023,7,41,4207
339,2023,7,42,3221
340,2023,7,43,6029
341,2023,7,44,5214
342,2023,7,45,1642
343,2023,7,46,1976
344,2023,7,47,5771
345,2023,7,48,2182
346,2023,7,49,1044
347,2023,7,50,25221
348,2023,7,51,9914
349,2023,7,52,6040
350,2023,7,53,7392
351,2023,7,54,7717
352,2023,7,55,5064
353,2023,7,56,12540
354,2023,7,57,1747
355,2023,7,58,1991
356,2023,7,59,1193
357,2023,7,60,10951
358,2023,7,61,7445
359,2023,7,62,2962
360,2023,7,63,2281
361,2023,7,64,5219
362,2023,7,65,2704
363,2023,7,66,794
364,2023,7,67,1588
365,2023,7,68,1610
366,2023,7,69,963
367,2023,7,70,959
368,2023,7,71,1081
369,2023,7,72,1135
370,2023,7,73,2384
371,2023,7,74,2512
372,2023,7,75,2724
373,2023,7,76,2414
374,2023,7,77,2868
375,2023,7,78,969
376,2023,7,79,823
377,2023,7,80,1213
378,2023,7,81,525
379,2023,7,82,2733
380,2023,7,83,2508
381,2023,7,84,733
382,2023,7,85,1674
383,2023,7,86,19364
384,2023,7,87,23343
385,2023,7,88,20070
386,2023,7,89,19840
387,2023,7,90,27758
388,2023,7,91,12332
389,2023,7,92,5883
390,2023,7,93,18740
391,2023,7,94,26988
392,2023,7,95,22414
393,2023,7,96,2716
394,2023,7,97,1527
395,2023,7,98,8761
396,2023,7,99,6361
397,2023,7,100,8862
398,2023,7,101,1021
399,2023,7,102,780
400,2023,7,103,716
401,2023,7,104,707
402,2023,7,105,717
403,2023,7,106,591
404,2023,7,107,697
405,2023,7,108,754
406,2023,7,109,3067
407,2023,7,110,539
408,2023,7,111,586
409,2023,7,112,2234
410,2023,7,113,6227
411,2023,7,114,630
412,2023,7,115,1074
413,2023,8,1,5051
414,2023,8,2,6222
415,2023,8,3,5554
416,2023,8,4,4402
417,2023,8,5,1724
418,2023,8,6,876
419,2023,8,7,2257
420,2023,8,8,4065
421,2023,8,9,1539
422,2023,8,10,5350
423,2023,8,11,920
424,2023,8,12,1336
425,2023,8,13,1650
426,2023,8,14,3582
427,2023,8,15,856
428,2023,8,16,32604
429,2023,8,17,4288
430,2023,8,18,3806
431,2023,8,19,3017
432,2023,8,20,3553
433,2023,8,21,4489
434,2023,8,22,1205
435,2023,8,23,831
436,2023,8,24,2064
437,2023,8,25,2739
438,2023,8,26,2210
439,2023,8,27,2352
440,2023,8,28,2451
441,2023,8,29,3762
442,2023,8,30,3944
443,2023,8,31,4006
444,2023,8,32,10297
445,2023,8,33,11819
446,2023,8,34,9050
447,2023,8,35,6697
448,2023,8,36,8881
449,2023,8,37,4471
450,2023,8,38,2249
451,2023,8,39,4956
452,2023,8,40,9976
453,2023,8,41,3951
454,2023,8,42,3399
455,2023,8,43,6259
456,2023,8,44,5598
457,2023,8,45,1666
458,2023,8,46,2084
459,2023,8,47,5995
460,2023,8,48,2358
461,2023,8,49,1542
462,2023,8,50,23485
463,2023,8,51,10296
464,2023,8,52,6104
465,2023,8,53,7720
466,2023,8,54,7935
467,2023,8,55,5498
468,2023,8,56,12330
469,2023,8,57,1893
470,2023,8,58,2235
471,2023,8,59,1239
472,2023,8,60,10411
473,2023,8,61,7921
474,2023,8,62,3520
475,2023,8,63,2497
476,2023,8,64,5691
477,2023,8,65,3206
478,2023,8,66,974
479,2023,8,67,1670
480,2023,8,68,1972
481,2023,8,69,1089
482,2023,8,70,1145
483,2023,8,71,1159
484,2023,8,72,1363
485,2023,8,73,2486
486,2023,8,74,3020
487,2023,8,75,2770
488,2023,8,76,2708
489,2023,8,77,3302
490,2023,8,78,1207
491,2023,8,79,861
492,2023,8,80,1371
493,2023,8,81,673
494,2023,8,82,3119
495,2023,8,83,2716
496,2023,8,84,1137
497,2023,8,85,1828
498,2023,8,86,17424
499,2023,8,87,22251
500,2023,8,88,17326
501,2023,8,89,18140
502,2023,8,90,25616
503,2023,8,91,11240
504,2023,8,92,5459
505,2023,8,93,16926
506,2023,8,94,22822
507,2023,8,95,20806
508,2023,8,96,2500
509,2023,8,97,1441
510,2023,8,98,8127
511,2023,8,99,5885
512,2023,8,100,8000
513,2023,8,101,1129
514,2023,8,102,892
515,2023,8,103,674
516,2023,8,104,681
517,2023,8,105,907
518,2023,8,106,705
519,2023,8,107,683
520,2023,8,108,740
521,2023,8,109,2831
522,2023,8,110,1281
523,2023,8,111,740
524,2023,8,112,1910
525,2023,8,113,6003
526,2023,8,114,596
527,2023,8,115,4864
528,2023,9,1,6171
529,2023,9,2,4830
530,2023,9,3,3970
531,2023,9,4,8320
532,2023,9,5,2562
533,2023,9,6,1294
534,2023,9,7,3827
535,2023,9,8,3619
536,2023,9,9,1269
537,2023,9,10,4820
538,2023,9,11,908
539,2023,9,12,1374
540,2023,9,13,1630
541,2023,9,14,2998
542,2023,9,15,828
543,2023,9,16,30568
544,2023,9,17,4552
545,2023,9,18,3172
546,2023,9,19,3441
547,2023,9,20,3089
548,2023,9,21,4327
549,2023,9,22,1061
550,2023,9,23,739
551,2023,9,24,2450
552,2023,9,25,3079
553,2023,9,26,2130
554,2023,9,27,2530
555,2023,9,28,2567
556,2023,9,29,5474
557,2023,9,30,3384
558,2023,9,31,6324
559,2023,9,32,14937
560,2023,9,33,10561
561,2023,9,34,14010
562,2023,9,35,9529
563,2023,9,36,7531
564,2023,9,37,3653
565,2023,9,38,1961
566,2023,9,39,4256
567,2023,9,40,7570
568,2023,9,41,3559
569,2023,9,42,3551
570,2023,9,43,6445
571,2023,9,44,5464
572,2023,9,45,1762
573,2023,9,46,2212
574,2023,9,47,6321
575,2023,9,48,2256
576,2023,9,49,1434
577,2023,9,50,29783
578,2023,9,51,10580
579,2023,9,52,6218
580,2023,9,53,7644
581,2023,9,54,7805
582,2023,9,55,5784
583,2023,9,56,12054
584,2023,9,57,1745
585,2023,9,58,2485
586,2023,9,59,1429
587,2023,9,60,9529
588,2023,9,61,8217
589,2023,9,62,3814
590,2023,9,63,2635
591,2023,9,64,5759
592,2023,9,65,3014
593,2023,9,66,948
594,2023,9,67,1492
595,2023,9,68,1836
596,2023,9,69,1141
597,2023,9,70,1251
598,2023,9,71,1135
599,2023,9,72,1531
600,2023,9,73,2646
601,2023,9,74,3278
602,2023,9,75,2776
603,2023,9,76,3570
604,2023,9,77,2820
605,2023,9,78,1225
606,2023,9,79,845
607,2023,9,80,1199
608,2023,9,81,823
609,2023,9,82,3233
610,2023,9,83,2740
611,2023,9,84,1211
612,2023,9,85,1866
613,2023,9,86,15840
614,2023,9,87,21035
615,2023,9,88,16672
616,2023,9,89,16710
617,2023,9,90,23920
618,2023,9,91,10850
619,2023,9,92,5337
620,2023,9,93,16030
621,2023,9,94,21528
622,2023,9,95,19716
623,2023,9,96,2440
624,2023,9,97,1593
625,2023,9,98,7799
626,2023,9,99,5585
627,2023,9,100,6928
628,2023,9,101,1215
629,2023,9,102,892
630,2023,9,103,572
631,2023,9,104,635
632,2023,9,105,973
633,2023,9,106,759
634,2023,9,107,647
635,2023,9,108,700
636,2023,9,109,2421
637,2023,9,110,895
638,2023,9,111,644
639,2023,9,112,1552
640,2023,9,113,5473
641,2023,9,114,546
642,2023,9,115,4440
643,2023,10,1,4937
644,2023,10,2,6812
645,2023,10,3,4416
646,2023,10,4,6244
647,2023,10,5,1882
648,2023,10,6,1142
649,2023,10,7,3191
650,2023,10,8,2427
651,2023,10,9,2493
652,2023,10,10,3744
653,2023,10,11,730
654,2023,10,12,1204
655,2023,10,13,1338
656,2023,10,14,2732
657,2023,10,15,720
658,2023,10,16,27282
659,2023,10,17,3554
660,2023,10,18,2738
661,2023,10,19,2931
662,2023,10,20,2399
663,2023,10,21,3593
664,2023,10,22,735
665,2023,10,23,963
666,2023,10,24,1746
667,2023,10,25,2661
668,2023,10,26,1938
669,2023,10,27,2320
670,2023,10,28,1857
671,2023,10,29,4398
672,2023,10,30,2702
673,2023,10,31,4928
674,2023,10,32,11443
675,2023,10,33,7481
676,2023,10,34,11312
677,2023,10,35,8279
678,2023,10,36,10319
679,2023,10,37,4173
680,2023,10,38,2149
681,2023,10,39,5332
682,2023,10,40,10796
683,2023,10,41,2965
684,2023,10,42,3109
685,2023,10,43,5879
686,2023,10,44,4744
687,2023,10,45,1740
688,2023,10,46,2146
689,2023,10,47,6011
690,2023,10,48,1960
691,2023,10,49,1206
692,2023,10,50,26861
693,2023,10,51,9596
694,2023,10,52,5320
695,2023,10,53,6872
696,2023,10,54,7305
697,2023,10,55,4762
698,2023,10,56,11094
699,2023,10,57,1299
700,2023,10,58,1885
701,2023,10,59,841
702,2023,10,60,10455
703,2023,10,61,7661
704,2023,10,62,2776
705,2023,10,63,2185
706,2023,10,64,3971
707,2023,10,65,2398
708,2023,10,66,744
709,2023,10,67,560
710,2023,10,68,1472
711,2023,10,69,1035
712,2023,10,70,1089
713,2023,10,71,1147
714,2023,10,72,1211
715,2023,10,73,1694
716,2023,10,74,1784
717,2023,10,75,2130
718,2023,10,76,3362
719,2023,10,77,2230
720,2023,10,78,511
721,2023,10,79,381
722,2023,10,80,941
723,2023,10,81,555
724,2023,10,82,2395
725,2023,10,83,2022
726,2023,10,84,759
727,2023,10,85,1384
728,2023,10,86,12006
729,2023,10,87,20079
730,2023,10,88,15920
731,2023,10,89,15900
732,2023,10,90,22594
733,2023,10,91,10556
734,2023,10,92,5165
735,2023,10,93,15602
736,2023,10,94,20258
737,2023,10,95,18032
738,2023,10,96,2382
739,2023,10,97,1529
740,2023,10,98,7747
741,2023,10,99,5343
742,2023,10,100,5728
743,2023,10,101,993
744,2023,10,102,774
745,2023,10,103,404
746,2023,10,104,559
747,2023,10,105,793
748,2023,10,106,621
749,2023,10,107,527
750,2023,10,108,600
751,2023,10,109,1701
752,2023,10,110,945
753,2023,10,111,628
754,2023,10,112,308
755,2023,10,113,4417
756,2023,10,114,384
757,2023,10,115,3062
758,2023,11,1,6935
759,2023,11,2,5114
760,2023,11,3,3862
761,2023,11,4,5336
762,2023,11,5,1528
763,2023,11,6,1042
764,2023,11,7,3015
765,2023,11,8,2157
766,2023,11,9,2179
767,2023,11,10,3268
768,2023,11,11,784
769,2023,11,12,1222
770,2023,11,13,1790
771,2023,11,14,2872
772,2023,11,15,960
773,2023,11,16,26424
774,2023,11,17,3854
775,2023,11,18,2986
776,2023,11,19,3557
777,2023,11,20,2237
778,2023,11,21,3171
779,2023,11,22,675
780,2023,11,23,853
781,2023,11,24,2300
782,2023,11,25,3031
783,2023,11,26,2202
784,2023,11,27,2584
785,2023,11,28,2321
786,2023,11,29,4038
787,2023,11,30,2530
788,2023,11,31,4608
789,2023,11,32,9781
790,2023,11,33,14309
791,2023,11,34,10490
792,2023,11,35,7441
793,2023,11,36,9861
794,2023,11,37,4053
795,2023,11,38,2067
796,2023,11,39,4974
797,2023,11,40,9262
798,2023,11,41,2673
799,2023,11,42,3263
800,2023,11,43,6177
801,2023,11,44,5092
802,2023,11,45,1920
803,2023,11,46,2348
804,2023,11,47,6501
805,2023,11,48,2032
806,2023,11,49,1120
807,2023,11,50,26315
808,2023,11,51,10322
809,2023,11,52,5470
810,2023,11,53,7134
811,2023,11,54,7777
812,2023,11,55,5600
813,2023,11,56,10918
814,2023,11,57,1785
815,2023,11,58,2363
816,2023,11,59,1137
817,2023,11,60,9925
818,2023,11,61,8369
819,2023,11,62,3442
820,2023,11,63,2657
821,2023,11,64,4763
822,2023,11,65,2740
823,2023,11,66,860
824,2023,11,67,776
825,2023,11,68,1988
826,2023,11,69,1131
827,2023,11,70,1263
828,2023,11,71,1447
829,2023,11,72,1483
830,2023,11,73,2564
831,2023,11,74,2434
832,2023,11,75,2834
833,2023,11,76,4868
834,2023,11,77,2724
835,2023,11,78,733
836,2023,11,79,401
837,2023,11,80,1261
838,2023,11,81,753
839,2023,11,82,2709
840,2023,11,83,2278
841,2023,11,84,951
842,2023,11,85,1642
843,2023,11,86,11576
844,2023,11,87,19731
845,2023,11,88,15738
846,2023,11,89,15686
847,2023,11,90,22238
848,2023,11,91,10372
849,2023,11,92,5095
850,2023,11,93,15378
851,2023,11,94,20064
852,2023,11,95,17698
853,2023,11,96,2332
854,2023,11,97,1457
855,2023,11,98,7677
856,2023,11,99,5171
857,2023,11,100,5498
858,2023,11,101,1075
859,2023,11,102,850
860,2023,11,103,382
861,2023,11,104,511
862,2023,11,105,891
863,2023,11,106,711
864,2023,11,107,453
865,2023,11,108,550
866,2023,11,109,1429
867,2023,11,110,751
868,2023,11,111,540
869,2023,11,112,7150
870,2023,11,113,4141
871,2023,11,114,290
872,2023,11,115,2726
873,2023,12,1,6729
874,2023,12,2,4528
875,2023,12,3,5082
876,2023,12,4,9796
877,2023,12,5,2542
878,2023,12,6,982
879,2023,12,7,2805
880,2023,12,8,1945
881,2023,12,9,2117
882,2023,12,10,2974
883,2023,12,11,766
884,2023,12,12,1382
885,2023,12,13,1810
886,2023,12,14,2744
887,2023,12,15,1108
888,2023,12,16,24900
889,2023,12,17,3870
890,2023,12,18,3246
891,2023,12,19,3857
892,2023,12,20,1839
893,2023,12,21,3019
894,2023,12,22,613
895,2023,12,23,745
896,2023,12,24,2852
897,2023,12,25,3503
898,2023,12,26,2428
899,2023,12,27,2550
900,2023,12,28,2929
901,2023,12,29,6398
902,2023,12,30,4156
903,2023,12,31,7324
904,2023,12,32,14235
905,2023,12,33,13923
906,2023,12,34,16676
907,2023,12,35,10679
908,2023,12,36,9621
909,2023,12,37,3703
910,2023,12,38,1809
911,2023,12,39,4748
912,2023,12,40,8384
913,2023,12,41,2457
914,2023,12,42,3425
915,2023,12,43,6357
916,2023,12,44,5404
917,2023,12,45,2080
918,2023,12,46,2494
919,2023,12,47,6631
920,2023,12,48,2174
921,2023,12,49,1664
922,2023,12,50,34051
923,2023,12,51,10868
924,2023,12,52,5646
925,2023,12,53,7378
926,2023,12,54,8337
927,2023,12,55,6390
928,2023,12,56,10332
929,2023,12,57,2251
930,2023,12,58,2717
931,2023,12,59,1343
932,2023,12,60,11749
933,2023,12,61,8829
934,2023,12,62,4202
935,2023,12,63,3049
936,2023,12,64,6003
937,2023,12,65,2948
938,2023,12,66,932
939,2023,12,67,1124
940,2023,12,68,2218
941,2023,12,69,1267
942,2023,12,70,1451
943,2023,12,71,1765
944,2023,12,72,1771
945,2023,12,73,3542
946,2023,12,74,3292
947,2023,12,75,3586
948,2023,12,76,6540
949,2023,12,77,3072
950,2023,12,78,889
951,2023,12,79,547
952,2023,12,80,1327
953,2023,12,81,939
954,2023,12,82,3069
955,2023,12,83,2362
956,2023,12,84,1195
957,2023,12,85,1624
958,2023,12,86,11284
959,2023,12,87,19731
960,2023,12,88,15362
961,2023,12,89,15364
962,2023,12,90,21124
963,2023,12,91,10098
964,2023,12,92,4967
965,2023,12,93,14606
966,2023,12,94,19716
967,2023,12,95,17402
968,2023,12,96,2312
969,2023,12,97,1421
970,2023,12,98,7605
971,2023,12,99,5043
972,2023,12,100,5078
973,2023,12,101,1221
974,2023,12,102,1010
975,2023,12,103,350
976,2023,12,104,497
977,2023,12,105,957
978,2023,12,106,887
979,2023,12,107,409
980,2023,12,108,500
981,2023,12,109,1161
982,2023,12,110,1343
983,2023,12,111,736
984,2023,12,112,6764
985,2023,12,113,3839
986,2023,12,114,246
987,2023,12,115,2462
988,2024,1,1,6985
989,2024,1,2,7862
990,2024,1,3,4628
991,2024,1,4,9386
992,2024,1,5,2232
993,2024,1,6,904
994,2024,1,7,2627
995,2024,1,8,1383
996,2024,1,9,1885
997,2024,1,10,6984
998,2024,1,11,820
999,2024,1,12,2108
1000,2024,1,13,1396
1001,2024,1,14,3110
1002,2024,1,15,1376
1003,2024,1,16,23060
1004,2024,1,17,4026
1005,2024,1,18,3392
1006,2024,1,19,4149
1007,2024,1,20,1473
1008,2024,1,21,2785
1009,2024,1,22,1507
1010,2024,1,23,1295
1011,2024,1,24,3460
1012,2024,1,25,3765
1013,2024,1,26,2778
1014,2024,1,27,2476
1015,2024,1,28,3265
1016,2024,1,29,6058
1017,2024,1,30,3836
1018,2024,1,31,6564
1019,2024,1,32,13275
1020,2024,1,33,12229
1021,2024,1,34,16302
1022,2024,1,35,9797
1023,2024,1,36,13055
1024,2024,1,37,5223
1025,2024,1,38,2865
1026,2024,1,39,6530
1027,2024,1,40,7228
1028,2024,1,41,5855
1029,2024,1,42,3669
1030,2024,1,43,6835
1031,2024,1,44,5636
1032,2024,1,45,2246
1033,2024,1,46,2716
1034,2024,1,47,7031
1035,2024,1,48,2336
1036,2024,1,49,1618
1037,2024,1,50,33327
1038,2024,1,51,11206
1039,2024,1,52,5970
1040,2024,1,53,7994
1041,2024,1,54,9329
1042,2024,1,55,7528
1043,2024,1,56,10000
1044,2024,1,57,2759
1045,2024,1,58,3067
1046,2024,1,59,1665
1047,2024,1,60,11647
1048,2024,1,61,9437
1049,2024,1,62,4664
1050,2024,1,63,3379
1051,2024,1,64,7267
1052,2024,1,65,3348
1053,2024,1,66,1094
1054,2024,1,67,1666
1055,2024,1,68,2308
1056,2024,1,69,1435
1057,2024,1,70,1699
1058,2024,1,71,1993
1059,2024,1,72,1891
1060,2024,1,73,4308
1061,2024,1,74,5180
1062,2024,1,75,3744
1063,2024,1,76,7014
1064,2024,1,77,3638
1065,2024,1,78,875
1066,2024,1,79,495
1067,2024,1,80,1639
1068,2024,1,81,1113
1069,2024,1,82,3267
1070,2024,1,83,2624
1071,2024,1,84,1255
1072,2024,1,85,1830
1073,2024,1,86,13722
1074,2024,1,87,20903
1075,2024,1,88,17910
1076,2024,1,89,15920
1077,2024,1,90,25500
1078,2024,1,91,12832
1079,2024,1,92,5581
1080,2024,1,93,17836
1081,2024,1,94,22164
1082,2024,1,95,16906
1083,2024,1,96,2210
1084,2024,1,97,1651
1085,2024,1,98,8255
1086,2024,1,99,6335
1087,2024,1,100,4824
1088,2024,1,101,1453
1089,2024,1,102,1152
1090,2024,1,103,302
1091,2024,1,104,445
1092,2024,1,105,1073
1093,2024,1,106,901
1094,2024,1,107,387
1095,2024,1,108,490
1096,2024,1,109,945
1097,2024,1,110,1171
1098,2024,1,111,698
1099,2024,1,112,6544
1100,2024,1,113,9053
1101,2024,1,114,1022
1102,2024,1,115,2296
1103,2024,2,1,6915
1104,2024,2,2,7272
1105,2024,2,3,6272
1106,2024,2,4,8724
1107,2024,2,5,2026
1108,2024,2,6,1686
1109,2024,2,7,2129
1110,2024,2,8,4731
1111,2024,2,9,1521
1112,2024,2,10,6516
1113,2024,2,11,1080
1114,2024,2,12,2028
1115,2024,2,13,1534
1116,2024,2,14,3422
1117,2024,2,15,1670
1118,2024,2,16,22488
1119,2024,2,17,4566
1120,2024,2,18,3798
1121,2024,2,19,4599
1122,2024,2,20,3721
1123,2024,2,21,5951
1124,2024,2,22,1471
1125,2024,2,23,1253
1126,2024,2,24,4106
1127,2024,2,25,4237
1128,2024,2,26,3162
1129,2024,2,27,2678
1130,2024,2,28,3943
1131,2024,2,29,5812
1132,2024,2,30,3594
1133,2024,2,31,6410
1134,2024,2,32,12457
1135,2024,2,33,19215
1136,2024,2,34,15566
1137,2024,2,35,9551
1138,2024,2,36,12559
1139,2024,2,37,5165
1140,2024,2,38,2435
1141,2024,2,39,6202
1142,2024,2,40,12810
1143,2024,2,41,5639
1144,2024,2,42,3737
1145,2024,2,43,7453
1146,2024,2,44,6110
1147,2024,2,45,2400
1148,2024,2,46,2892
1149,2024,2,47,7487
1150,2024,2,48,2460
1151,2024,2,49,1596
1152,2024,2,50,33013
1153,2024,2,51,11912
1154,2024,2,52,6278
1155,2024,2,53,8432
1156,2024,2,54,10351
1157,2024,2,55,8450
1158,2024,2,56,9916
1159,2024,2,57,3267
1160,2024,2,58,3569
1161,2024,2,59,1965
1162,2024,2,60,11139
1163,2024,2,61,10239
1164,2024,2,62,6098
1165,2024,2,63,3811
1166,2024,2,64,8579
1167,2024,2,65,4012
1168,2024,2,66,1142
1169,2024,2,67,2066
1170,2024,2,68,2692
1171,2024,2,69,1555
1172,2024,2,70,1887
1173,2024,2,71,2067
1174,2024,2,72,2143
1175,2024,2,73,5188
1176,2024,2,74,6644
1177,2024,2,75,4184
1178,2024,2,76,7666
1179,2024,2,77,4302
1180,2024,2,78,1055
1181,2024,2,79,739
1182,2024,2,80,1927
1183,2024,2,81,1407
1184,2024,2,82,3885
1185,2024,2,83,2908
1186,2024,2,84,1527
1187,2024,2,85,1986
1188,2024,2,86,13650
1189,2024,2,87,20717
1190,2024,2,88,17724
1191,2024,2,89,15710
1192,2024,2,90,25384
1193,2024,2,91,12492
1194,2024,2,92,5465
1195,2024,2,93,17560
1196,2024,2,94,21450
1197,2024,2,95,16774
1198,2024,2,96,2210
1199,2024,2,97,1607
1200,2024,2,98,8255
1201,2024,2,99,6247
1202,2024,2,100,4612
1203,2024,2,101,1707
1204,2024,2,102,1312
1205,2024,2,103,302
1206,2024,2,104,425
1207,2024,2,105,1223
1208,2024,2,106,1033
1209,2024,2,107,371
1210,2024,2,108,480
1211,2024,2,109,6193
1212,2024,2,110,1883
1213,2024,2,111,994
1214,2024,2,112,6388
1215,2024,2,113,9053
1216,2024,2,114,1014
1217,2024,2,115,2158
1218,2024,3,1,6509
1219,2024,3,2,6230
1220,2024,3,3,4990
1221,2024,3,4,11776
1222,2024,3,5,2530
1223,2024,3,6,1506
1224,2024,3,7,4323
1225,2024,3,8,4297
1226,2024,3,9,1099
1227,2024,3,10,5840
1228,2024,3,11,1052
1229,2024,3,12,1426
1230,2024,3,13,1430
1231,2024,3,14,3630
1232,2024,3,15,1338
1233,2024,3,16,21284
1234,2024,3,17,4522
1235,2024,3,18,3700
1236,2024,3,19,4749
1237,2024,3,20,3083
1238,2024,3,21,5557
1239,2024,3,22,1287
1240,2024,3,23,1153
1241,2024,3,24,4364
1242,2024,3,25,4061
1243,2024,3,26,3066
1244,2024,3,27,2684
1245,2024,3,28,4049
1246,2024,3,29,7806
1247,2024,3,30,3300
1248,2024,3,31,8598
1249,2024,3,32,18373
1250,2024,3,33,17785
1251,2024,3,34,20304
1252,2024,3,35,11971
1253,2024,3,36,11421
1254,2024,3,37,4947
1255,2024,3,38,1939
1256,2024,3,39,5048
1257,2024,3,40,11024
1258,2024,3,41,5213
1259,2024,3,42,3713
1260,2024,3,43,7475
1261,2024,3,44,5912
1262,2024,3,45,2392
1263,2024,3,46,2982
1264,2024,3,47,7665
1265,2024,3,48,2432
1266,2024,3,49,1482
1267,2024,3,50,40115
1268,2024,3,51,11702
1269,2024,3,52,6306
1270,2024,3,53,7952
1271,2024,3,54,10803
1272,2024,3,55,8126
1273,2024,3,56,9362
1274,2024,3,57,3189
1275,2024,3,58,3419
1276,2024,3,59,1769
1277,2024,3,60,12879
1278,2024,3,61,9763
1279,2024,3,62,6384
1280,2024,3,63,3951
1281,2024,3,64,7963
1282,2024,3,65,3884
1283,2024,3,66,962
1284,2024,3,67,2104
1285,2024,3,68,2884
1286,2024,3,69,1723
1287,2024,3,70,1843
1288,2024,3,71,2109
1289,2024,3,72,2249
1290,2024,3,73,6168
1291,2024,3,74,8070
1292,2024,3,75,4240
1293,2024,3,76,7916
1294,2024,3,77,4694
1295,2024,3,78,835
1296,2024,3,79,789
1297,2024,3,80,2117
1298,2024,3,81,1493
1299,2024,3,82,3751
1300,2024,3,83,2850
1301,2024,3,84,1213
1302,2024,3,85,1966
1303,2024,3,86,12276
1304,2024,3,87,20075
1305,2024,3,88,16376
1306,2024,3,89,14846
1307,2024,3,90,23832
1308,2024,3,91,11486
1309,2024,3,92,5125
1310,2024,3,93,16652
1311,2024,3,94,20072
1312,2024,3,95,15926
1313,2024,3,96,2018
1314,2024,3,97,1543
1315,2024,3,98,7839
1316,2024,3,99,5913
1317,2024,3,100,4110
1318,2024,3,101,1633
1319,2024,3,102,1226
1320,2024,3,103,814
1321,2024,3,104,1371
1322,2024,3,105,1151
1323,2024,3,106,1107
1324,2024,3,107,1255
1325,2024,3,108,1420
1326,2024,3,109,5679
1327,2024,3,110,1359
1328,2024,3,111,902
1329,2024,3,112,5380
1330,2024,3,113,8359
1331,2024,3,114,942
1332,2024,3,115,5426
1333,2024,4,1,6465
1334,2024,4,2,9038
1335,2024,4,3,5552
1336,2024,4,4,10456
1337,2024,4,5,2082
1338,2024,4,6,1390
1339,2024,4,7,3711
1340,2024,4,8,3429
1341,2024,4,9,3319
1342,2024,4,10,5168
1343,2024,4,11,876
1344,2024,4,12,1468
1345,2024,4,13,1362
1346,2024,4,14,3438
1347,2024,4,15,1392
1348,2024,4,16,50294
1349,2024,4,17,4256
1350,2024,4,18,3708
1351,2024,4,19,4673
1352,2024,4,20,2615
1353,2024,4,21,5279
1354,2024,4,22,1175
1355,2024,4,23,1613
1356,2024,4,24,4390
1357,2024,4,25,4145
1358,2024,4,26,3366
1359,2024,4,27,2954
1360,2024,4,28,3989
1361,2024,4,29,6966
1362,2024,4,30,5516
1363,2024,4,31,8092
1364,2024,4,32,15931
1365,2024,4,33,16111
1366,2024,4,34,17156
1367,2024,4,35,10661
1368,2024,4,36,14517
1369,2024,4,37,6783
1370,2024,4,38,4015
1371,2024,4,39,7196
1372,2024,4,40,9508
1373,2024,4,41,4901
1374,2024,4,42,3573
1375,2024,4,43,6941
1376,2024,4,44,5560
1377,2024,4,45,2442
1378,2024,4,46,3118
1379,2024,4,47,7551
1380,2024,4,48,2396
1381,2024,4,49,1982
1382,2024,4,50,37803
1383,2024,4,51,11552
1384,2024,4,52,6092
1385,2024,4,53,7244
1386,2024,4,54,10599
1387,2024,4,55,7582
1388,2024,4,56,18196
1389,2024,4,57,2947
1390,2024,4,58,3437
1391,2024,4,59,1537
1392,2024,4,60,11105
1393,2024,4,61,9235
1394,2024,4,62,6006
1395,2024,4,63,3559
1396,2024,4,64,7387
1397,2024,4,65,3404
1398,2024,4,66,1082
1399,2024,4,67,1970
1400,2024,4,68,2730
1401,2024,4,69,1649
1402,2024,4,70,1883
1403,2024,4,71,2173
1404,2024,4,72,2391
1405,2024,4,73,7048
1406,2024,4,74,8708
1407,2024,4,75,3936
1408,2024,4,76,7680
1409,2024,4,77,4762
1410,2024,4,78,717
1411,2024,4,79,679
1412,2024,4,80,1929
1413,2024,4,81,1525
1414,2024,4,82,3439
1415,2024,4,83,2488
1416,2024,4,84,1167
1417,2024,4,85,1966
1418,2024,4,86,11284
1419,2024,4,87,18909
1420,2024,4,88,14238
1421,2024,4,89,14040
1422,2024,4,90,21840
1423,2024,4,91,10616
1424,2024,4,92,4853
1425,2024,4,93,15402
1426,2024,4,94,18100
1427,2024,4,95,14476
1428,2024,4,96,2312
1429,2024,4,97,1473
1430,2024,4,98,7585
1431,2024,4,99,5629
1432,2024,4,100,3556
1433,2024,4,101,1585
1434,2024,4,102,1080
1435,2024,4,103,1232
1436,2024,4,104,1267
1437,2024,4,105,855
1438,2024,4,106,977
1439,2024,4,107,1323
1440,2024,4,108,1346
1441,2024,4,109,4941
1442,2024,4,110,1675
1443,2024,4,111,996
1444,2024,4,112,4350
1445,2024,4,113,7427
1446,2024,4,114,840
1447,2024,4,115,4156
1448,2024,5,1,7425
1449,2024,5,2,7656
1450,2024,5,3,4824
1451,2024,5,4,9696
1452,2024,5,5,1258
1453,2024,5,6,1254
1454,2024,5,7,3519
1455,2024,5,8,2813
1456,2024,5,9,3027
1457,2024,5,10,4964
1458,2024,5,11,1022
1459,2024,5,12,2114
1460,2024,5,13,1970
1461,2024,5,14,3518
1462,2024,5,15,1694
1463,2024,5,16,48282
1464,2024,5,17,4706
1465,2024,5,18,3750
1466,2024,5,19,5053
1467,2024,5,20,2379
1468,2024,5,21,5009
1469,2024,5,22,1057
1470,2024,5,23,1475
1471,2024,5,24,4826
1472,2024,5,25,4565
1473,2024,5,26,3564
1474,2024,5,27,3148
1475,2024,5,28,4309
1476,2024,5,29,6544
1477,2024,5,30,5180
1478,2024,5,31,7664
1479,2024,5,32,14241
1480,2024,5,33,22117
1481,2024,5,34,16394
1482,2024,5,35,10331
1483,2024,5,36,13107
1484,2024,5,37,6485
1485,2024,5,38,3527
1486,2024,5,39,6912
1487,2024,5,40,8278
1488,2024,5,41,4383
1489,2024,5,42,3589
1490,2024,5,43,6939
1491,2024,5,44,5434
1492,2024,5,45,2562
1493,2024,5,46,3182
1494,2024,5,47,7765
1495,2024,5,48,2398
1496,2024,5,49,1832
1497,2024,5,50,36069
1498,2024,5,51,11744
1499,2024,5,52,6484
1500,2024,5,53,7708
1501,2024,5,54,10979
1502,2024,5,55,7980
1503,2024,5,56,17696
1504,2024,5,57,3279
1505,2024,5,58,3373
1506,2024,5,59,1541
1507,2024,5,60,12937
1508,2024,5,61,9981
1509,2024,5,62,6650
1510,2024,5,63,4081
1511,2024,5,64,8979
1512,2024,5,65,3716
1513,2024,5,66,1174
1514,2024,5,67,2354
1515,2024,5,68,3426
1516,2024,5,69,1581
1517,2024,5,70,1919
1518,2024,5,71,2461
1519,2024,5,72,2793
1520,2024,5,73,7804
1521,2024,5,74,10228
1522,2024,5,75,4726
1523,2024,5,76,8128
1524,2024,5,77,4936
1525,2024,5,78,693
1526,2024,5,79,787
1527,2024,5,80,2039
1528,2024,5,81,1625
1529,2024,5,82,4171
1530,2024,5,83,2698
1531,2024,5,84,1239
1532,2024,5,85,2262
1533,2024,5,86,10440
1534,2024,5,87,18113
1535,2024,5,88,13162
1536,2024,5,89,13182
1537,2024,5,90,21282
1538,2024,5,91,9850
1539,2024,5,92,4697
1540,2024,5,93,14336
1541,2024,5,94,16234
1542,2024,5,95,13420
1543,2024,5,96,2244
1544,2024,5,97,1409
1545,2024,5,98,7073
1546,2024,5,99,5163
1547,2024,5,100,5964
1548,2024,5,101,1735
1549,2024,5,102,1036
1550,2024,5,103,1140
1551,2024,5,104,1211
1552,2024,5,105,871
1553,2024,5,106,1043
1554,2024,5,107,1213
1555,2024,5,108,1288
1556,2024,5,109,4567
1557,2024,5,110,1359
1558,2024,5,111,870
1559,2024,5,112,4088
1560,2024,5,113,7017
1561,2024,5,114,782
1562,2024,5,115,3902
1563,2024,6,1,8169
1564,2024,6,2,7104
1565,2024,6,3,7392
1566,2024,6,4,13438
1567,2024,6,5,2486
1568,2024,6,6,1186
1569,2024,6,7,3199
1570,2024,6,8,1945
1571,2024,6,9,2491
1572,2024,6,10,9512
1573,2024,6,11,1008
1574,2024,6,12,2030
1575,2024,6,13,1694
1576,2024,6,14,3670
1577,2024,6,15,1768
1578,2024,6,16,46480
1579,2024,6,17,4478
1580,2024,6,18,3862
1581,2024,6,19,4931
1582,2024,6,20,1913
1583,2024,6,21,4707
1584,2024,6,22,1923
1585,2024,6,23,1367
1586,2024,6,24,4876
1587,2024,6,25,4893
1588,2024,6,26,3638
1589,2024,6,27,3198
1590,2024,6,28,4429
1591,2024,6,29,8438
1592,2024,6,30,4872
1593,2024,6,31,9958
1594,2024,6,32,20299
1595,2024,6,33,20637
1596,2024,6,34,23446
1597,2024,6,35,12651
1598,2024,6,36,11617
1599,2024,6,37,5829
1600,2024,6,38,2759
1601,2024,6,39,6048
1602,2024,6,40,14134
1603,2024,6,41,7595
1604,2024,6,42,3551
1605,2024,6,43,6843
1606,2024,6,44,5972
1607,2024,6,45,2586
1608,2024,6,46,3202
1609,2024,6,47,7547
1610,2024,6,48,2536
1611,2024,6,49,1712
1612,2024,6,50,42387
1613,2024,6,51,11320
1614,2024,6,52,6606
1615,2024,6,53,7748
1616,2024,6,54,11373
1617,2024,6,55,8202
1618,2024,6,56,17180
1619,2024,6,57,3265
1620,2024,6,58,3451
1621,2024,6,59,1563
1622,2024,6,60,11871
1623,2024,6,61,10327
1624,2024,6,62,6426
1625,2024,6,63,3979
1626,2024,6,64,9577
1627,2024,6,65,3746
1628,2024,6,66,1158
1629,2024,6,67,2578
1630,2024,6,68,3662
1631,2024,6,69,1489
1632,2024,6,70,2055
1633,2024,6,71,2623
1634,2024,6,72,2869
1635,2024,6,73,8374
1636,2024,6,74,10892
1637,2024,6,75,4150
1638,2024,6,76,7512
1639,2024,6,77,4752
1640,2024,6,78,999
1641,2024,6,79,865
1642,2024,6,80,1851
1643,2024,6,81,1631
1644,2024,6,82,4605
1645,2024,6,83,2788
1646,2024,6,84,1361
1647,2024,6,85,2116
1648,2024,6,86,8764
1649,2024,6,87,17117
1650,2024,6,88,10844
1651,2024,6,89,12466
1652,2024,6,90,19256
1653,2024,6,91,8910
1654,2024,6,92,4381
1655,2024,6,93,13318
1656,2024,6,94,14720
1657,2024,6,95,12144
1658,2024,6,96,2060
1659,2024,6,97,1361
1660,2024,6,98,6667
1661,2024,6,99,4565
1662,2024,6,100,5276
1663,2024,6,101,1791
1664,2024,6,102,1084
1665,2024,6,103,1086
1666,2024,6,104,1129
1667,2024,6,105,991
1668,2024,6,106,1007
1669,2024,6,107,1153
1670,2024,6,108,1192
1671,2024,6,109,4197
1672,2024,6,110,1807
1673,2024,6,111,1052
1674,2024,6,112,3696
1675,2024,6,113,6381
1676,2024,6,114,734
1677,2024,6,115,3342
1678,2024,7,1,9139
1679,2024,7,2,10506
1680,2024,7,3,6182
1681,2024,7,4,12312
1682,2024,7,5,2068
1683,2024,7,6,2008
1684,2024,7,7,2981
1685,2024,7,8,1685
1686,2024,7,9,2181
1687,2024,7,10,8956
1688,2024,7,11,1018
1689,2024,7,12,2384
1690,2024,7,13,2158
1691,2024,7,14,3860
1692,2024,7,15,1904
1693,2024,7,16,45040
1694,2024,7,17,4594
1695,2024,7,18,4516
1696,2024,7,19,5337
1697,2024,7,20,1555
1698,2024,7,21,4377
1699,2024,7,22,1747
1700,2024,7,23,1891
1701,2024,7,24,5000
1702,2024,7,25,4775
1703,2024,7,26,4044
1704,2024,7,27,3576
1705,2024,7,28,4345
1706,2024,7,29,7822
1707,2024,7,30,4220
1708,2024,7,31,9390
1709,2024,7,32,18377
1710,2024,7,33,19031
1711,2024,7,34,22200
1712,2024,7,35,11641
1713,2024,7,36,15631
1714,2024,7,37,7759
1715,2024,7,38,4719
1716,2024,7,39,9138
1717,2024,7,40,13154
1718,2024,7,41,7495
1719,2024,7,42,3739
1720,2024,7,43,7033
1721,2024,7,44,6516
1722,2024,7,45,2698
1723,2024,7,46,3388
1724,2024,7,47,7695
1725,2024,7,48,2698
1726,2024,7,49,1630
1727,2024,7,50,38997
1728,2024,7,51,11972
1729,2024,7,52,6970
1730,2024,7,53,8104
1731,2024,7,54,11793
1732,2024,7,55,8404
1733,2024,7,56,16664
1734,2024,7,57,3513
1735,2024,7,58,3629
1736,2024,7,59,1917
1737,2024,7,60,13311
1738,2024,7,61,10395
1739,2024,7,62,7352
1740,2024,7,63,4111
1741,2024,7,64,9507
1742,2024,7,65,3722
1743,2024,7,66,1298
1744,2024,7,67,2692
1745,2024,7,68,3892
1746,2024,7,69,1561
1747,2024,7,70,1945
1748,2024,7,71,2651
1749,2024,7,72,3259
1750,2024,7,73,8518
1751,2024,7,74,12192
1752,2024,7,75,4840
1753,2024,7,76,7774
1754,2024,7,77,5256
1755,2024,7,78,1231
1756,2024,7,79,1017
1757,2024,7,80,2205
1758,2024,7,81,1755
1759,2024,7,82,5327
1760,2024,7,83,3038
1761,2024,7,84,1669
1762,2024,7,85,2346
1763,2024,7,86,9326
1764,2024,7,87,17127
1765,2024,7,88,11062
1766,2024,7,89,12868
1767,2024,7,90,20688
1768,2024,7,91,10590
1769,2024,7,92,4841
1770,2024,7,93,16186
1771,2024,7,94,14714
1772,2024,7,95,11532
1773,2024,7,96,1928
1774,2024,7,97,1297
1775,2024,7,98,6871
1776,2024,7,99,4301
1777,2024,7,100,4868
1778,2024,7,101,1917
1779,2024,7,102,1180
1780,2024,7,103,1054
1781,2024,7,104,1107
1782,2024,7,105,1185
1783,2024,7,106,1069
1784,2024,7,107,1113
1785,2024,7,108,1152
1786,2024,7,109,3927
1787,2024,7,110,1509
1788,2024,7,111,966
1789,2024,7,112,3310
1790,2024,7,113,5861
1791,2024,7,114,702
1792,2024,7,115,2958
1793,2024,8,1,9173
1794,2024,8,2,9816
1795,2024,8,3,8656
1796,2024,8,4,11524
1797,2024,8,5,1556
1798,2024,8,6,1898
1799,2024,8,7,2601
1800,2024,8,8,5547
1801,2024,8,9,1785
1802,2024,8,10,8384
1803,2024,8,11,1188
1804,2024,8,12,2988
1805,2024,8,13,2578
1806,2024,8,14,4520
1807,2024,8,15,1890
1808,2024,8,16,43044
1809,2024,8,17,4900
1810,2024,8,18,4892
1811,2024,8,19,5719
1812,2024,8,20,3759
1813,2024,8,21,7537
1814,2024,8,22,1657
1815,2024,8,23,1817
1816,2024,8,24,5760
1817,2024,8,25,4937
1818,2024,8,26,4296
1819,2024,8,27,3680
1820,2024,8,28,4813
1821,2024,8,29,7258
1822,2024,8,30,6874
1823,2024,8,31,8954
1824,2024,8,32,17609
1825,2024,8,33,25053
1826,2024,8,34,20608
1827,2024,8,35,10971
1828,2024,8,36,15067
1829,2024,8,37,7031
1830,2024,8,38,4341
1831,2024,8,39,8396
1832,2024,8,40,11824
1833,2024,8,41,7123
1834,2024,8,42,4083
1835,2024,8,43,7497
1836,2024,8,44,7302
1837,2024,8,45,2808
1838,2024,8,46,3488
1839,2024,8,47,7823
1840,2024,8,48,2852
1841,2024,8,49,1806
1842,2024,8,50,37769
1843,2024,8,51,12278
1844,2024,8,52,7090
1845,2024,8,53,8432
1846,2024,8,54,12295
1847,2024,8,55,9034
1848,2024,8,56,16224
1849,2024,8,57,3725
1850,2024,8,58,3819
1851,2024,8,59,2161
1852,2024,8,60,12721
1853,2024,8,61,10793
1854,2024,8,62,8346
1855,2024,8,63,4307
1856,2024,8,64,10623
1857,2024,8,65,4046
1858,2024,8,66,1344
1859,2024,8,67,2538
1860,2024,8,68,4400
1861,2024,8,69,1607
1862,2024,8,70,2191
1863,2024,8,71,2889
1864,2024,8,72,3533
1865,2024,8,73,8710
1866,2024,8,74,14772
1867,2024,8,75,5290
1868,2024,8,76,7828
1869,2024,8,77,5284
1870,2024,8,78,1305
1871,2024,8,79,1323
1872,2024,8,80,2293
1873,2024,8,81,1881
1874,2024,8,82,5603
1875,2024,8,83,3348
1876,2024,8,84,1801
1877,2024,8,85,2442
1878,2024,8,86,8420
1879,2024,8,87,16175
1880,2024,8,88,10102
1881,2024,8,89,11294
1882,2024,8,90,19620
1883,2024,8,91,9964
1884,2024,8,92,4605
1885,2024,8,93,15148
1886,2024,8,94,13816
1887,2024,8,95,10068
1888,2024,8,96,1870
1889,2024,8,97,1297
1890,2024,8,98,6641
1891,2024,8,99,4037
1892,2024,8,100,4062
1893,2024,8,101,2137
1894,2024,8,102,1272
1895,2024,8,103,1016
1896,2024,8,104,1099
1897,2024,8,105,1429
1898,2024,8,106,1205
1899,2024,8,107,1103
1900,2024,8,108,1140
1901,2024,8,109,3797
1902,2024,8,110,2281
1903,2024,8,111,1246
1904,2024,8,112,3024
1905,2024,8,113,5721
1906,2024,8,114,688
1907,2024,8,115,6654
1908,2024,9,1,9663
1909,2024,9,2,9172
1910,2024,9,3,8248
1911,2024,9,4,14766
1912,2024,9,5,3128
1913,2024,9,6,1766
1914,2024,9,7,4545
1915,2024,9,8,4955
1916,2024,9,9,1571
1917,2024,9,10,7534
1918,2024,9,11,1324
1919,2024,9,12,3012
1920,2024,9,13,2886
1921,2024,9,14,4892
1922,2024,9,15,2082
1923,2024,9,16,41442
1924,2024,9,17,5286
1925,2024,9,18,4614
1926,2024,9,19,6255
1927,2024,9,20,3251
1928,2024,9,21,7087
1929,2024,9,22,1597
1930,2024,9,23,1801
1931,2024,9,24,6798
1932,2024,9,25,5145
1933,2024,9,26,4490
1934,2024,9,27,3888
1935,2024,9,28,4865
1936,2024,9,29,9310
1937,2024,9,30,6486
1938,2024,9,31,11916
1939,2024,9,32,22433
1940,2024,9,33,23843
1941,2024,9,34,27844
1942,2024,9,35,16057
1943,2024,9,36,14161
1944,2024,9,37,5883
1945,2024,9,38,3897
1946,2024,9,39,8196
1947,2024,9,40,9942
1948,2024,9,41,6749
1949,2024,9,42,4383
1950,2024,9,43,7509
1951,2024,9,44,7780
1952,2024,9,45,2886
1953,2024,9,46,3484
1954,2024,9,47,8025
1955,2024,9,48,3028
1956,2024,9,49,1692
1957,2024,9,50,44943
1958,2024,9,51,12218
1959,2024,9,52,7742
1960,2024,9,53,8638
1961,2024,9,54,12847
1962,2024,9,55,9532
1963,2024,9,56,15690
1964,2024,9,57,3953
1965,2024,9,58,4079
1966,2024,9,59,2471
1967,2024,9,60,14571
1968,2024,9,61,11107
1969,2024,9,62,8770
1970,2024,9,63,4281
1971,2024,9,64,10997
1972,2024,9,65,3958
1973,2024,9,66,1562
1974,2024,9,67,2720
1975,2024,9,68,4738
1976,2024,9,69,1629
1977,2024,9,70,2317
1978,2024,9,71,2869
1979,2024,9,72,3777
1980,2024,9,73,9008
1981,2024,9,74,17014
1982,2024,9,75,5690
1983,2024,9,76,8358
1984,2024,9,77,5268
1985,2024,9,78,1429
1986,2024,9,79,1579
1987,2024,9,80,2385
1988,2024,9,81,1947
1989,2024,9,82,5591
1990,2024,9,83,3700
1991,2024,9,84,1813
1992,2024,9,85,2534
1993,2024,9,86,6834
1994,2024,9,87,15449
1995,2024,9,88,9368
1996,2024,9,89,9912
1997,2024,9,90,18118
1998,2024,9,91,9436
1999,2024,9,92,4513
2000,2024,9,93,14292
2001,2024,9,94,12886
2002,2024,9,95,9480
2003,2024,9,96,1754
2004,2024,9,97,1271
2005,2024,9,98,6121
2006,2024,9,99,3781
2007,2024,9,100,3570
2008,2024,9,101,2145
2009,2024,9,102,1188
2010,2024,9,103,898
2011,2024,9,104,1049
2012,2024,9,105,1435
2013,2024,9,106,1271
2014,2024,9,107,1005
2015,2024,9,108,1104
2016,2024,9,109,3511
2017,2024,9,110,1773
2018,2024,9,111,1014
2019,2024,9,112,2108
2020,2024,9,113,5091
2021,2024,9,114,580
2022,2024,9,115,5634
2275,2022,1,1,2007
2276,2022,1,2,1718
2277,2022,1,3,2100
2278,2022,1,4,4914
2279,2022,1,5,846
2280,2022,1,6,1084
2281,2022,1,7,2107
2282,2022,1,8,1743
2283,2022,1,9,1071
2284,2022,1,10,2502
2285,2022,1,11,618
2286,2022,1,12,1034
2287,2022,1,13,782
2288,2022,1,14,2630
2289,2022,1,15,984
2290,2022,1,16,16632
2291,2022,1,17,3452
2292,2022,1,18,3326
2293,2022,1,19,2533
2294,2022,1,20,1293
2295,2022,1,21,1113
2296,2022,1,22,827
2297,2022,1,23,609
2298,2022,1,24,1870
2299,2022,1,25,1761
2300,2022,1,26,1642
2301,2022,1,27,1256
2302,2022,1,28,1311
2303,2022,1,29,2492
2304,2022,1,30,1596
2305,2022,1,31,2520
2306,2022,1,32,6321
2307,2022,1,33,5999
2308,2022,1,34,4732
2309,2022,1,35,3773
2310,2022,1,36,5575
2311,2022,1,37,2567
2312,2022,1,38,2189
2313,2022,1,39,3092
2314,2022,1,40,5502
2315,2022,1,41,2079
2316,2022,1,63,1075
2317,2022,1,64,3161
2318,2022,1,65,886
2319,2022,1,66,436
2320,2022,1,67,1110
2321,2022,1,68,1712
2322,2022,1,69,421
2323,2022,1,70,695
2324,2022,1,71,681
2325,2022,1,72,645
2326,2022,1,73,1214
2327,2022,1,74,3016
2328,2022,1,75,1362
2329,2022,1,76,2118
2330,2022,1,77,1992
2331,2022,1,78,847
2332,2022,1,79,541
2333,2022,1,80,457
2334,2022,1,81,639
2335,2022,1,82,2977
2336,2022,1,83,1730
2337,2022,1,84,335
2338,2022,1,85,1124
2339,2022,1,86,26300
2340,2022,1,87,32245
2341,2022,1,88,32266
2342,2022,1,89,33358
2343,2022,1,90,49100
2344,2022,1,91,19466
2345,2022,1,92,8149
2346,2022,1,93,36090
2347,2022,1,94,39996
2348,2022,1,95,38120
2349,2022,1,96,2650
2350,2022,1,97,1171
2351,2022,1,98,11933
2352,2022,1,99,7597
2353,2022,1,100,15846
2354,2022,1,101,737
2355,2022,1,102,596
2356,2022,1,103,224
2357,2022,1,104,168
2358,2022,1,105,701
2359,2022,1,106,561
2360,2022,1,107,31
2361,2022,1,108,164
2362,2022,1,109,689
2363,2022,1,110,525
2364,2022,1,111,512
2365,2022,1,112,3500
2366,2022,1,113,3369
2367,2022,1,114,384
2368,2022,1,115,562
2369,2022,2,1,2263
2370,2022,2,2,1558
2371,2022,2,3,2738
2372,2022,2,4,4402
2373,2022,2,5,754
2374,2022,2,6,1048
2375,2022,2,7,1979
2376,2022,2,8,2629
2377,2022,2,9,1055
2378,2022,2,10,2396
2379,2022,2,11,668
2380,2022,2,12,1168
2381,2022,2,13,614
2382,2022,2,14,2626
2383,2022,2,15,796
2384,2022,2,16,16014
2385,2022,2,17,3542
2386,2022,2,18,3412
2387,2022,2,19,2677
2388,2022,2,20,2449
2389,2022,2,21,1997
2390,2022,2,22,811
2391,2022,2,23,519
2392,2022,2,24,1712
2393,2022,2,25,1815
2394,2022,2,26,1810
2395,2022,2,27,1238
2396,2022,2,28,1243
2397,2022,2,29,2370
2398,2022,2,30,1492
2399,2022,2,31,2342
2400,2022,2,32,6063
2401,2022,2,33,7539
2402,2022,2,34,4146
2403,2022,2,35,3379
2404,2022,2,36,4789
2405,2022,2,37,2021
2406,2022,2,38,2037
2407,2022,2,39,2682
2408,2022,2,40,7154
2409,2022,2,41,1857
2410,2022,2,63,1019
2411,2022,2,64,3129
2412,2022,2,65,748
2413,2022,2,66,440
2414,2022,2,67,1140
2415,2022,2,68,1614
2416,2022,2,69,381
2417,2022,2,70,669
2418,2022,2,71,609
2419,2022,2,72,629
2420,2022,2,73,1302
2421,2022,2,74,2852
2422,2022,2,75,1130
2423,2022,2,76,2114
2424,2022,2,77,1874
2425,2022,2,78,1015
2426,2022,2,79,591
2427,2022,2,80,427
2428,2022,2,81,623
2429,2022,2,82,3071
2430,2022,2,83,1646
2431,2022,2,84,283
2432,2022,2,85,1064
2433,2022,2,86,24942
2434,2022,2,87,30837
2435,2022,2,88,31606
2436,2022,2,89,32324
2437,2022,2,90,46354
2438,2022,2,91,18542
2439,2022,2,92,7783
2440,2022,2,93,34862
2441,2022,2,94,39156
2442,2022,2,95,36868
2443,2022,2,96,2512
2444,2022,2,97,1147
2445,2022,2,98,11507
2446,2022,2,99,7327
2447,2022,2,100,15000
2448,2022,2,101,761
2449,2022,2,102,608
2450,2022,2,103,224
2451,2022,2,104,152
2452,2022,2,105,735
2453,2022,2,106,577
2454,2022,2,107,31
2455,2022,2,108,158
2456,2022,2,109,3031
2457,2022,2,110,763
2458,2022,2,111,576
2459,2022,2,112,3500
2460,2022,2,113,3369
2461,2022,2,114,372
2462,2022,2,115,446
2463,2022,3,1,1965
2464,2022,3,2,1066
2465,2022,3,3,2468
2466,2022,3,4,5778
2467,2022,3,5,1174
2468,2022,3,6,1032
2469,2022,3,7,3069
2470,2022,3,8,2349
2471,2022,3,9,805
2472,2022,3,10,2218
2473,2022,3,11,674
2474,2022,3,12,804
2475,2022,3,13,548
2476,2022,3,14,2604
2477,2022,3,15,850
2478,2022,3,16,15444
2479,2022,3,17,3424
2480,2022,3,18,3064
2481,2022,3,19,2751
2482,2022,3,20,2351
2483,2022,3,21,1899
2484,2022,3,22,721
2485,2022,3,23,453
2486,2022,3,24,1624
2487,2022,3,25,1749
2488,2022,3,26,1830
2489,2022,3,27,1214
2490,2022,3,28,1215
2491,2022,3,29,2940
2492,2022,3,30,1472
2493,2022,3,31,3214
2494,2022,3,32,8103
2495,2022,3,33,6943
2496,2022,3,34,6236
2497,2022,3,35,4551
2498,2022,3,36,4619
2499,2022,3,37,1771
2500,2022,3,38,1737
2501,2022,3,39,2424
2502,2022,3,40,6566
2503,2022,3,41,1743
2504,2022,3,63,1071
2505,2022,3,64,3045
2506,2022,3,65,698
2507,2022,3,66,420
2508,2022,3,67,1068
2509,2022,3,68,1686
2510,2022,3,69,329
2511,2022,3,70,627
2512,2022,3,71,649
2513,2022,3,72,571
2514,2022,3,73,1132
2515,2022,3,74,2930
2516,2022,3,75,1124
2517,2022,3,76,2170
2518,2022,3,77,1958
2519,2022,3,78,955
2520,2022,3,79,499
2521,2022,3,80,327
2522,2022,3,81,667
2523,2022,3,82,3245
2524,2022,3,83,1606
2525,2022,3,84,295
2526,2022,3,85,1052
2527,2022,3,86,23088
2528,2022,3,87,27265
2529,2022,3,88,27060
2530,2022,3,89,29268
2531,2022,3,90,42798
2532,2022,3,91,16880
2533,2022,3,92,7053
2534,2022,3,93,31048
2535,2022,3,94,34954
2536,2022,3,95,33556
2537,2022,3,96,2052
2538,2022,3,97,1365
2539,2022,3,98,10347
2540,2022,3,99,6391
2541,2022,3,100,13408
2542,2022,3,101,775
2543,2022,3,102,520
2544,2022,3,103,403
2545,2022,3,104,405
2546,2022,3,105,757
2547,2022,3,106,633
2548,2022,3,107,-31
2549,2022,3,108,416
2550,2022,3,109,2839
2551,2022,3,110,513
2552,2022,3,111,520
2553,2022,3,112,3144
2554,2022,3,113,2975
2555,2022,3,114,334
2556,2022,3,115,2292
2557,2022,4,1,1837
2558,2022,4,2,1330
2559,2022,4,3,2846
2560,2022,4,4,5068
2561,2022,4,5,1050
2562,2022,4,6,954
2563,2022,4,7,2823
2564,2022,4,8,1979
2565,2022,4,9,1749
2566,2022,4,10,2008
2567,2022,4,11,626
2568,2022,4,12,672
2569,2022,4,13,770
2570,2022,4,14,2524
2571,2022,4,15,828
2572,2022,4,16,27088
2573,2022,4,17,3372
2574,2022,4,18,2988
2575,2022,4,19,2475
2576,2022,4,20,1895
2577,2022,4,21,1809
2578,2022,4,22,635
2579,2022,4,23,563
2580,2022,4,24,1578
2581,2022,4,25,1791
2582,2022,4,26,1776
2583,2022,4,27,1244
2584,2022,4,28,1003
2585,2022,4,29,2532
2586,2022,4,30,2240
2587,2022,4,31,2572
2588,2022,4,32,7083
2589,2022,4,33,6417
2590,2022,4,34,4922
2591,2022,4,35,3979
2592,2022,4,36,5081
2593,2022,4,37,2019
2594,2022,4,38,2055
2595,2022,4,39,2898
2596,2022,4,40,5724
2597,2022,4,41,1527
2598,2022,4,63,843
2599,2022,4,64,2981
2600,2022,4,65,770
2601,2022,4,66,474
2602,2022,4,67,1158
2603,2022,4,68,1518
2604,2022,4,69,333
2605,2022,4,70,683
2606,2022,4,71,631
2607,2022,4,72,557
2608,2022,4,73,1022
2609,2022,4,74,2756
2610,2022,4,75,1270
2611,2022,4,76,1996
2612,2022,4,77,1600
2613,2022,4,78,919
2614,2022,4,79,477
2615,2022,4,80,389
2616,2022,4,81,619
2617,2022,4,82,2931
2618,2022,4,83,1650
2619,2022,4,84,243
2620,2022,4,85,1042
2621,2022,4,86,20158
2622,2022,4,87,24011
2623,2022,4,88,23424
2624,2022,4,89,25504
2625,2022,4,90,36980
2626,2022,4,91,14014
2627,2022,4,92,6387
2628,2022,4,93,27400
2629,2022,4,94,30438
2630,2022,4,95,28330
2631,2022,4,96,3412
2632,2022,4,97,1111
2633,2022,4,98,9265
2634,2022,4,99,4981
2635,2022,4,100,11972
2636,2022,4,101,751
2637,2022,4,102,522
2638,2022,4,103,592
2639,2022,4,104,363
2640,2022,4,105,631
2641,2022,4,106,629
2642,2022,4,107,475
2643,2022,4,108,384
2644,2022,4,109,2489
2645,2022,4,110,677
2646,2022,4,111,554
2647,2022,4,112,2912
2648,2022,4,113,2843
2649,2022,4,114,296
2650,2022,4,115,1854
2651,2022,5,1,2397
2652,2022,5,2,752
2653,2022,5,3,2544
2654,2022,5,4,4448
2655,2022,5,5,834
2656,2022,5,6,938
2657,2022,5,7,2617
2658,2022,5,8,1817
2659,2022,5,9,1645
2660,2022,5,10,1826
2661,2022,5,11,585
2662,2022,5,12,884
2663,2022,5,13,1022
2664,2022,5,14,2654
2665,2022,5,15,948
2666,2022,5,16,26192
2667,2022,5,17,3454
2668,2022,5,18,3064
2669,2022,5,19,2509
2670,2022,5,20,1781
2671,2022,5,21,1745
2672,2022,5,22,605
2673,2022,5,23,461
2674,2022,5,24,1672
2675,2022,5,25,1855
2676,2022,5,26,1808
2677,2022,5,27,1298
2678,2022,5,28,1175
2679,2022,5,29,2366
2680,2022,5,30,2128
2681,2022,5,31,2342
2682,2022,5,32,6505
2683,2022,5,33,8203
2684,2022,5,34,4592
2685,2022,5,35,3499
2686,2022,5,36,4491
2687,2022,5,37,1901
2688,2022,5,38,1981
2689,2022,5,39,2728
2690,2022,5,40,4952
2691,2022,5,41,1463
2692,2022,5,63,861
2693,2022,5,64,2831
2694,2022,5,65,794
2695,2022,5,66,456
2696,2022,5,67,1030
2697,2022,5,68,1780
2698,2022,5,69,365
2699,2022,5,70,773
2700,2022,5,71,689
2701,2022,5,72,617
2702,2022,5,73,1234
2703,2022,5,74,2778
2704,2022,5,75,1330
2705,2022,5,76,1906
2706,2022,5,77,1816
2707,2022,5,78,951
2708,2022,5,79,481
2709,2022,5,80,443
2710,2022,5,81,575
2711,2022,5,82,3123
2712,2022,5,83,1742
2713,2022,5,84,323
2714,2022,5,85,1056
2715,2022,5,86,18692
2716,2022,5,87,20333
2717,2022,5,88,19894
2718,2022,5,89,20976
2719,2022,5,90,32106
2720,2022,5,91,12418
2721,2022,5,92,5355
2722,2022,5,93,25034
2723,2022,5,94,26464
2724,2022,5,95,25460
2725,2022,5,96,3042
2726,2022,5,97,1219
2727,2022,5,98,8209
2728,2022,5,99,4265
2729,2022,5,100,10776
2730,2022,5,101,731
2731,2022,5,102,544
2732,2022,5,103,576
2733,2022,5,104,345
2734,2022,5,105,643
2735,2022,5,106,689
2736,2022,5,107,431
2737,2022,5,108,358
2738,2022,5,109,2341
2739,2022,5,110,469
2740,2022,5,111,498
2741,2022,5,112,2544
2742,2022,5,113,2545
2743,2022,5,114,258
2744,2022,5,115,1646
2745,2022,6,1,2799
2746,2022,6,2,254
2747,2022,6,3,2890
2748,2022,6,4,5888
2749,2022,6,5,1162
2750,2022,6,6,1188
2751,2022,6,7,2469
2752,2022,6,8,1679
2753,2022,6,9,1465
2754,2022,6,10,3538
2755,2022,6,11,528
2756,2022,6,12,1060
2757,2022,6,13,858
2758,2022,6,14,2312
2759,2022,6,15,1012
2760,2022,6,16,25340
2761,2022,6,17,3304
2762,2022,6,18,2950
2763,2022,6,19,2669
2764,2022,6,20,1541
2765,2022,6,21,1527
2766,2022,6,22,931
2767,2022,6,23,409
2768,2022,6,24,1834
2769,2022,6,25,1935
2770,2022,6,26,1720
2771,2022,6,27,1300
2772,2022,6,28,1181
2773,2022,6,29,3012
2774,2022,6,30,1850
2775,2022,6,31,3118
2776,2022,6,32,8535
2777,2022,6,33,7435
2778,2022,6,34,6208
2779,2022,6,35,4703
2780,2022,6,36,4151
2781,2022,6,37,1855
2782,2022,6,38,1689
2783,2022,6,39,2312
2784,2022,6,40,6688
2785,2022,6,41,2545
2786,2022,6,63,1037
2787,2022,6,64,2845
2788,2022,6,65,874
2789,2022,6,66,444
2790,2022,6,67,1000
2791,2022,6,68,1478
2792,2022,6,69,331
2793,2022,6,70,705
2794,2022,6,71,647
2795,2022,6,72,623
2796,2022,6,73,954
2797,2022,6,74,2822
2798,2022,6,75,1406
2799,2022,6,76,1916
2800,2022,6,77,1628
2801,2022,6,78,1027
2802,2022,6,79,487
2803,2022,6,80,403
2804,2022,6,81,543
2805,2022,6,82,3103
2806,2022,6,83,1780
2807,2022,6,84,315
2808,2022,6,85,978
2809,2022,6,86,16064
2810,2022,6,87,17175
2811,2022,6,88,17366
2812,2022,6,89,18318
2813,2022,6,90,27102
2814,2022,6,91,10254
2815,2022,6,92,4355
2816,2022,6,93,21804
2817,2022,6,94,22108
2818,2022,6,95,22220
2819,2022,6,96,2734
2820,2022,6,97,1081
2821,2022,6,98,6611
2822,2022,6,99,3623
2823,2022,6,100,9386
2824,2022,6,101,687
2825,2022,6,102,516
2826,2022,6,103,536
2827,2022,6,104,321
2828,2022,6,105,681
2829,2022,6,106,639
2830,2022,6,107,419
2831,2022,6,108,330
2832,2022,6,109,2213
2833,2022,6,110,593
2834,2022,6,111,524
2835,2022,6,112,2352
2836,2022,6,113,5083
2837,2022,6,114,242
2838,2022,6,115,3268
2839,2022,7,1,2641
2840,2022,7,2,1158
2841,2022,7,3,2658
2842,2022,7,4,5308
2843,2022,7,5,950
2844,2022,7,6,1090
2845,2022,7,7,2271
2846,2022,7,8,1395
2847,2022,7,9,1305
2848,2022,7,10,3182
2849,2022,7,11,504
2850,2022,7,12,1108
2851,2022,7,13,1082
2852,2022,7,14,2422
2853,2022,7,15,1070
2854,2022,7,16,24546
2855,2022,7,17,3422
2856,2022,7,18,3056
2857,2022,7,19,2627
2858,2022,7,20,1291
2859,2022,7,21,1391
2860,2022,7,22,859
2861,2022,7,23,521
2862,2022,7,24,1764
2863,2022,7,25,1725
2864,2022,7,26,1856
2865,2022,7,27,1284
2866,2022,7,28,1185
2867,2022,7,29,2426
2868,2022,7,30,1456
2869,2022,7,31,2864
2870,2022,7,32,7233
2871,2022,7,33,6369
2872,2022,7,34,5206
2873,2022,7,35,4131
2874,2022,7,36,5975
2875,2022,7,37,2949
2876,2022,7,38,1987
2877,2022,7,39,2980
2878,2022,7,40,5924
2879,2022,7,41,2277
2880,2022,7,63,881
2881,2022,7,64,2643
2882,2022,7,65,738
2883,2022,7,66,342
2884,2022,7,67,1110
2885,2022,7,68,1398
2886,2022,7,69,347
2887,2022,7,70,621
2888,2022,7,71,567
2889,2022,7,72,703
2890,2022,7,73,952
2891,2022,7,74,2678
2892,2022,7,75,1190
2893,2022,7,76,1710
2894,2022,7,77,1564
2895,2022,7,78,981
2896,2022,7,79,411
2897,2022,7,80,423
2898,2022,7,81,547
2899,2022,7,82,3079
2900,2022,7,83,1844
2901,2022,7,84,159
2902,2022,7,85,922
2903,2022,7,86,20870
2904,2022,7,87,21039
2905,2022,7,88,24458
2906,2022,7,89,28226
2907,2022,7,90,29628
2908,2022,7,91,15440
2909,2022,7,92,6415
2910,2022,7,93,25456
2911,2022,7,94,39482
2912,2022,7,95,25150
2913,2022,7,96,2418
2914,2022,7,97,1173
2915,2022,7,98,11015
2916,2022,7,99,5709
2917,2022,7,100,15030
2918,2022,7,101,679
2919,2022,7,102,576
2920,2022,7,103,510
2921,2022,7,104,307
2922,2022,7,105,735
2923,2022,7,106,695
2924,2022,7,107,411
2925,2022,7,108,310
2926,2022,7,109,2057
2927,2022,7,110,507
2928,2022,7,111,492
2929,2022,7,112,2230
2930,2022,7,113,4837
2931,2022,7,114,226
2932,2022,7,115,3064
2933,2022,8,1,2803
2934,2022,8,2,728
2935,2022,8,3,3098
2936,2022,8,4,5128
2937,2022,8,5,788
2938,2022,8,6,1038
2939,2022,8,7,2215
2940,2022,8,8,3079
2941,2022,8,9,1115
2942,2022,8,10,2982
2943,2022,8,11,664
2944,2022,8,12,1322
2945,2022,8,13,1266
2946,2022,8,14,2482
2947,2022,8,15,1056
2948,2022,8,16,23962
2949,2022,8,17,3448
2950,2022,8,18,3356
2951,2022,8,19,2647
2952,2022,8,20,2995
2953,2022,8,21,2217
2954,2022,8,22,829
2955,2022,8,23,455
2956,2022,8,24,1892
2957,2022,8,25,1773
2958,2022,8,26,1910
2959,2022,8,27,1336
2960,2022,8,28,1275
2961,2022,8,29,2214
2962,2022,8,30,2800
2963,2022,8,31,2524
2964,2022,8,32,6645
2965,2022,8,33,7793
2966,2022,8,34,4884
2967,2022,8,35,3649
2968,2022,8,36,5591
2969,2022,8,37,2771
2970,2022,8,38,1835
2971,2022,8,39,2658
2972,2022,8,40,5856
2973,2022,8,41,2157
2974,2022,8,63,1257
2975,2022,8,64,2855
2976,2022,8,65,934
2977,2022,8,66,474
2978,2022,8,67,1220
2979,2022,8,68,1440
2980,2022,8,69,365
2981,2022,8,70,699
2982,2022,8,71,537
2983,2022,8,72,751
2984,2022,8,73,1018
2985,2022,8,74,3142
2986,2022,8,75,1214
2987,2022,8,76,1924
2988,2022,8,77,1890
2989,2022,8,78,1035
2990,2022,8,79,563
2991,2022,8,80,541
2992,2022,8,81,573
2993,2022,8,82,3479
2994,2022,8,83,1952
2995,2022,8,84,91
2996,2022,8,85,958
2997,2022,8,86,19396
2998,2022,8,87,18585
2999,2022,8,88,21682
3000,2022,8,89,25366
3001,2022,8,90,26930
3002,2022,8,91,13946
3003,2022,8,92,5987
3004,2022,8,93,22256
3005,2022,8,94,35542
3006,2022,8,95,22738
3007,2022,8,96,2032
3008,2022,8,97,1073
3009,2022,8,98,9835
3010,2022,8,99,4937
3011,2022,8,100,13740
3012,2022,8,101,719
3013,2022,8,102,648
3014,2022,8,103,488
3015,2022,8,104,295
3016,2022,8,105,821
3017,2022,8,106,751
3018,2022,8,107,395
3019,2022,8,108,290
3020,2022,8,109,1907
3021,2022,8,110,741
3022,2022,8,111,580
3023,2022,8,112,2096
3024,2022,8,113,4721
3025,2022,8,114,216
3026,2022,8,115,2976
3027,2022,9,1,2285
3028,2022,9,2,500
3029,2022,9,3,2706
3030,2022,9,4,6662
3031,2022,9,5,1324
3032,2022,9,6,910
3033,2022,9,7,3331
3034,2022,9,8,2911
3035,2022,9,9,911
3036,2022,9,10,2648
3037,2022,9,11,744
3038,2022,9,12,1300
3039,2022,9,13,1218
3040,2022,9,14,2600
3041,2022,9,15,1030
3042,2022,9,16,22848
3043,2022,9,17,3432
3044,2022,9,18,3546
3045,2022,9,19,2429
3046,2022,9,20,2821
3047,2022,9,21,1987
3048,2022,9,22,783
3049,2022,9,23,421
3050,2022,9,24,1788
3051,2022,9,25,1581
3052,2022,9,26,1708
3053,2022,9,27,1378
3054,2022,9,28,1373
3055,2022,9,29,3206
3056,2022,9,30,2548
3057,2022,9,31,3366
3058,2022,9,32,8819
3059,2022,9,33,6993
3060,2022,9,34,6958
3061,2022,9,35,5563
3062,2022,9,36,4909
3063,2022,9,37,2447
3064,2022,9,38,1589
3065,2022,9,39,2402
3066,2022,9,40,4904
3067,2022,9,41,1893
3068,2022,9,63,1173
3069,2022,9,64,2627
3070,2022,9,65,686
3071,2022,9,66,664
3072,2022,9,67,1228
3073,2022,9,68,1694
3074,2022,9,69,453
3075,2022,9,70,719
3076,2022,9,71,669
3077,2022,9,72,695
3078,2022,9,73,1118
3079,2022,9,74,3322
3080,2022,9,75,1562
3081,2022,9,76,2372
3082,2022,9,77,2040
3083,2022,9,78,851
3084,2022,9,79,677
3085,2022,9,80,585
3086,2022,9,81,745
3087,2022,9,82,3451
3088,2022,9,83,2044
3089,2022,9,84,115
3090,2022,9,85,1038
3091,2022,9,86,17864
3092,2022,9,87,16763
3093,2022,9,88,20340
3094,2022,9,89,23218
3095,2022,9,90,23604
3096,2022,9,91,13326
3097,2022,9,92,5181
3098,2022,9,93,21076
3099,2022,9,94,32306
3100,2022,9,95,20988
3101,2022,9,96,1802
3102,2022,9,97,1267
3103,2022,9,98,9517
3104,2022,9,99,4421
3105,2022,9,100,12818
3106,2022,9,101,761
3107,2022,9,102,642
3108,2022,9,103,452
3109,2022,9,104,267
3110,2022,9,105,759
3111,2022,9,106,749
3112,2022,9,107,359
3113,2022,9,108,234
3114,2022,9,109,1621
3115,2022,9,110,609
3116,2022,9,111,540
3117,2022,9,112,1744
3118,2022,9,113,4357
3119,2022,9,114,178
3120,2022,9,115,2408
3121,2022,10,1,1689
3122,2022,10,2,628
3123,2022,10,3,2672
3124,2022,10,4,5498
3125,2022,10,5,946
3126,2022,10,6,756
3127,2022,10,7,3061
3128,2022,10,8,2415
3129,2022,10,9,1871
3130,2022,10,10,1992
3131,2022,10,11,538
3132,2022,10,12,828
3133,2022,10,13,792
3134,2022,10,14,2064
3135,2022,10,15,890
3136,2022,10,16,21492
3137,2022,10,17,2832
3138,2022,10,18,3148
3139,2022,10,19,2077
3140,2022,10,20,2431
3141,2022,10,21,1621
3142,2022,10,22,635
3143,2022,10,23,483
3144,2022,10,24,1662
3145,2022,10,25,1605
3146,2022,10,26,1452
3147,2022,10,27,1186
3148,2022,10,28,1181
3149,2022,10,29,2450
3150,2022,10,30,2020
3151,2022,10,31,2714
3152,2022,10,32,6879
3153,2022,10,33,5285
3154,2022,10,34,5410
3155,2022,10,35,4421
3156,2022,10,36,5563
3157,2022,10,37,2969
3158,2022,10,38,2057
3159,2022,10,39,2958
3160,2022,10,40,7264
3161,2022,10,41,1505
3162,2022,10,63,847
3163,2022,10,64,2881
3164,2022,10,65,-166
3165,2022,10,66,468
3166,2022,10,67,920
3167,2022,10,68,1676
3168,2022,10,69,343
3169,2022,10,70,639
3170,2022,10,71,525
3171,2022,10,72,643
3172,2022,10,73,686
3173,2022,10,74,2598
3174,2022,10,75,996
3175,2022,10,76,1966
3176,2022,10,77,1662
3177,2022,10,78,405
3178,2022,10,79,475
3179,2022,10,80,523
3180,2022,10,81,591
3181,2022,10,82,2903
3182,2022,10,83,1572
3183,2022,10,84,463
3184,2022,10,85,1004
3185,2022,10,86,15020
3186,2022,10,87,16763
3187,2022,10,88,20220
3188,2022,10,89,23108
3189,2022,10,90,22948
3190,2022,10,91,13016
3191,2022,10,92,5155
3192,2022,10,93,20990
3193,2022,10,94,32284
3194,2022,10,95,20684
3195,2022,10,96,2042
3196,2022,10,97,1227
3197,2022,10,98,9307
3198,2022,10,99,4221
3199,2022,10,100,10482
3200,2022,10,101,737
3201,2022,10,102,646
3202,2022,10,103,376
3203,2022,10,104,229
3204,2022,10,105,715
3205,2022,10,106,709
3206,2022,10,107,331
3207,2022,10,108,200
3208,2022,10,109,1323
3209,2022,10,110,691
3210,2022,10,111,544
3211,2022,10,112,1318
3212,2022,10,113,4111
3213,2022,10,114,130
3214,2022,10,115,1826
3215,2022,11,1,1829
3216,2022,11,2,2262
3217,2022,11,3,2092
3218,2022,11,4,4960
3219,2022,11,5,888
3220,2022,11,6,1146
3221,2022,11,7,2901
3222,2022,11,8,2119
3223,2022,11,9,1693
3224,2022,11,10,1706
3225,2022,11,11,512
3226,2022,11,12,922
3227,2022,11,13,748
3228,2022,11,14,2300
3229,2022,11,15,840
3230,2022,11,16,21166
3231,2022,11,17,2768
3232,2022,11,18,3108
3233,2022,11,19,2249
3234,2022,11,20,2197
3235,2022,11,21,1513
3236,2022,11,22,571
3237,2022,11,23,457
3238,2022,11,24,1758
3239,2022,11,25,1717
3240,2022,11,26,1488
3241,2022,11,27,1216
3242,2022,11,28,993
3243,2022,11,29,2344
3244,2022,11,30,1680
3245,2022,11,31,2382
3246,2022,11,32,6151
3247,2022,11,33,6745
3248,2022,11,34,5094
3249,2022,11,35,3741
3250,2022,11,36,4685
3251,2022,11,37,2287
3252,2022,11,38,1775
3253,2022,11,39,2468
3254,2022,11,40,6348
3255,2022,11,41,1283
3256,2022,11,63,1065
3257,2022,11,64,3259
3258,2022,11,65,202
3259,2022,11,66,428
3260,2022,11,67,970
3261,2022,11,68,1744
3262,2022,11,69,493
3263,2022,11,70,725
3264,2022,11,71,587
3265,2022,11,72,615
3266,2022,11,73,780
3267,2022,11,74,3084
3268,2022,11,75,1260
3269,2022,11,76,2096
3270,2022,11,77,1654
3271,2022,11,78,469
3272,2022,11,79,533
3273,2022,11,80,549
3274,2022,11,81,615
3275,2022,11,82,2905
3276,2022,11,83,1612
3277,2022,11,84,915
3278,2022,11,85,906
3279,2022,11,86,14268
3280,2022,11,87,16389
3281,2022,11,88,19004
3282,2022,11,89,22748
3283,2022,11,90,22446
3284,2022,11,91,12378
3285,2022,11,92,5133
3286,2022,11,93,20360
3287,2022,11,94,31452
3288,2022,11,95,19430
3289,2022,11,96,1872
3290,2022,11,97,1155
3291,2022,11,98,9267
3292,2022,11,99,4107
3293,2022,11,100,8992
3294,2022,11,101,775
3295,2022,11,102,658
3296,2022,11,103,328
3297,2022,11,104,197
3298,2022,11,105,723
3299,2022,11,106,735
3300,2022,11,107,309
3301,2022,11,108,182
3302,2022,11,109,1211
3303,2022,11,110,455
3304,2022,11,111,498
3305,2022,11,112,5480
3306,2022,11,113,3813
3307,2022,11,114,84
3308,2022,11,115,1608
3309,2022,12,1,2157
3310,2022,12,2,1552
3311,2022,12,3,3396
3312,2022,12,4,6734
3313,2022,12,5,1922
3314,2022,12,6,1122
3315,2022,12,7,2629
3316,2022,12,8,2039
3317,2022,12,9,1453
3318,2022,12,10,1438
3319,2022,12,11,616
3320,2022,12,12,1010
3321,2022,12,13,874
3322,2022,12,14,2436
3323,2022,12,15,1006
3324,2022,12,16,20716
3325,2022,12,17,3002
3326,2022,12,18,3218
3327,2022,12,19,2351
3328,2022,12,20,1955
3329,2022,12,21,1387
3330,2022,12,22,535
3331,2022,12,23,435
3332,2022,12,24,2084
3333,2022,12,25,1713
3334,2022,12,26,1474
3335,2022,12,27,1212
3336,2022,12,28,1427
3337,2022,12,29,3608
3338,2022,12,30,2970
3339,2022,12,31,3114
3340,2022,12,32,7813
3341,2022,12,33,5835
3342,2022,12,34,6772
3343,2022,12,35,5469
3344,2022,12,36,4211
3345,2022,12,37,2243
3346,2022,12,38,1611
3347,2022,12,39,2356
3348,2022,12,40,5010
3349,2022,12,41,1243
3350,2022,12,63,1219
3351,2022,12,64,3461
3352,2022,12,65,758
3353,2022,12,66,416
3354,2022,12,67,1068
3355,2022,12,68,1734
3356,2022,12,69,545
3357,2022,12,70,715
3358,2022,12,71,693
3359,2022,12,72,651
3360,2022,12,73,824
3361,2022,12,74,2986
3362,2022,12,75,1512
3363,2022,12,76,1896
3364,2022,12,77,1884
3365,2022,12,78,617
3366,2022,12,79,511
3367,2022,12,80,587
3368,2022,12,81,571
3369,2022,12,82,2715
3370,2022,12,83,1558
3371,2022,12,84,697
3372,2022,12,85,1068
3373,2022,12,86,13424
3374,2022,12,87,15813
3375,2022,12,88,18692
3376,2022,12,89,21840
3377,2022,12,90,22114
3378,2022,12,91,12250
3379,2022,12,92,4927
3380,2022,12,93,19226
3381,2022,12,94,30936
3382,2022,12,95,18328
3383,2022,12,96,1808
3384,2022,12,97,1115
3385,2022,12,98,8915
3386,2022,12,99,4031
3387,2022,12,100,8356
3388,2022,12,101,909
3389,2022,12,102,688
3390,2022,12,103,300
3391,2022,12,104,175
3392,2022,12,105,737
3393,2022,12,106,819
3394,2022,12,107,287
3395,2022,12,108,168
3396,2022,12,109,1051
3397,2022,12,110,829
3398,2022,12,111,652
3399,2022,12,112,5320
3400,2022,12,113,3571
3401,2022,12,114,46
3402,2022,12,115,1328
3403,2023,1,1,2677
3404,2023,1,2,4760
3405,2023,1,3,2760
3406,2023,1,4,6074
3407,2023,1,5,1658
3408,2023,1,6,1060
3409,2023,1,7,2367
3410,2023,1,8,1725
3411,2023,1,9,1407
3412,2023,1,10,3952
3413,2023,1,11,676
3414,2023,1,12,1138
3415,2023,1,13,1030
3416,2023,1,14,2682
3417,2023,1,15,922
3418,2023,1,16,20096
3419,2023,1,17,2796
3420,2023,1,18,3362
3421,2023,1,19,2147
3422,2023,1,20,1693
3423,2023,1,21,1119
3424,2023,1,22,1187
3425,2023,1,23,757
3426,2023,1,24,2434
3427,2023,1,25,1811
3428,2023,1,26,1584
3429,2023,1,27,1290
3430,2023,1,28,1889
3431,2023,1,29,3178
3432,2023,1,30,2562
3433,2023,1,31,2832
3434,2023,1,32,7099
3435,2023,1,33,5209
3436,2023,1,34,5802
3437,2023,1,35,5025
3438,2023,1,36,7039
3439,2023,1,37,3713
3440,2023,1,38,2619
3441,2023,1,39,4370
3442,2023,1,40,4852
3443,2023,1,41,3525
3444,2023,1,42,3595
3445,2023,1,43,6465
3446,2023,1,44,6432
3447,2023,1,45,1858
3448,2023,1,46,1766
3449,2023,1,47,5397
3450,2023,1,48,1946
3451,2023,1,49,1144
3452,2023,1,50,18315
3453,2023,1,51,9048
3454,2023,1,52,5848
3455,2023,1,53,7340
3456,2023,1,54,7103
3457,2023,1,55,4240
3458,2023,1,56,8140
3459,2023,1,57,1694
3460,2023,1,58,1839
3461,2023,1,59,673
3462,2023,1,60,8129
3463,2023,1,61,7695
3464,2023,1,62,2932
3465,2023,1,63,1479
3466,2023,1,64,3491
3467,2023,1,65,962
3468,2023,1,66,480
3469,2023,1,67,1042
3470,2023,1,68,1688
3471,2023,1,69,459
3472,2023,1,70,797
3473,2023,1,71,843
3474,2023,1,72,725
3475,2023,1,73,922
3476,2023,1,74,3088
3477,2023,1,75,2094
3478,2023,1,76,2104
3479,2023,1,77,1790
3480,2023,1,78,787
3481,2023,1,79,573
3482,2023,1,80,567
3483,2023,1,81,581
3484,2023,1,82,2621
3485,2023,1,83,1724
3486,2023,1,84,477
3487,2023,1,85,1122
3488,2023,1,86,19926
3489,2023,1,87,25943
3490,2023,1,88,25116
3491,2023,1,89,25348
3492,2023,1,90,35326
3493,2023,1,91,17620
3494,2023,1,92,7625
3495,2023,1,93,22336
3496,2023,1,94,33356
3497,2023,1,95,24656
3498,2023,1,96,2104
3499,2023,1,97,1085
3500,2023,1,98,11089
3501,2023,1,99,6463
3502,2023,1,100,13528
3503,2023,1,101,1045
3504,2023,1,102,732
3505,2023,1,103,254
3506,2023,1,104,145
3507,2023,1,105,855
3508,2023,1,106,811
3509,2023,1,107,261
3510,2023,1,108,150
3511,2023,1,109,861
3512,2023,1,110,813
3513,2023,1,111,624
3514,2023,1,112,5108
3515,2023,1,113,6357
3516,2023,1,114,626
3517,2023,1,115,1126
3518,2023,2,1,2921
3519,2023,2,2,4064
3520,2023,2,3,4306
3521,2023,2,4,5866
3522,2023,2,5,1214
3523,2023,2,6,904
3524,2023,2,7,2279
3525,2023,2,8,3873
3526,2023,2,9,1255
3527,2023,2,10,3758
3528,2023,2,11,676
3529,2023,2,12,1014
3530,2023,2,13,1196
3531,2023,2,14,3150
3532,2023,2,15,902
3533,2023,2,16,19380
3534,2023,2,17,3132
3535,2023,2,18,3834
3536,2023,2,19,2405
3537,2023,2,20,3511
3538,2023,2,21,3355
3539,2023,2,22,1085
3540,2023,2,23,631
3541,2023,2,24,2692
3542,2023,2,25,1617
3543,2023,2,26,1656
3544,2023,2,27,1364
3545,2023,2,28,1935
3546,2023,2,29,2812
3547,2023,2,30,2314
3548,2023,2,31,2484
3549,2023,2,32,6473
3550,2023,2,33,9875
3551,2023,2,34,5118
3552,2023,2,35,4765
3553,2023,2,36,6411
3554,2023,2,37,3311
3555,2023,2,38,2277
3556,2023,2,39,4028
3557,2023,2,40,9552
3558,2023,2,41,3295
3559,2023,2,42,3721
3560,2023,2,43,6673
3561,2023,2,44,6636
3562,2023,2,45,1930
3563,2023,2,46,1888
3564,2023,2,47,5729
3565,2023,2,48,2032
3566,2023,2,49,1134
3567,2023,2,50,18133
3568,2023,2,51,9486
3569,2023,2,52,6112
3570,2023,2,53,7228
3571,2023,2,54,7431
3572,2023,2,55,4644
3573,2023,2,56,8000
3574,2023,2,57,1849
3575,2023,2,58,1791
3576,2023,2,59,749
3577,2023,2,60,8019
3578,2023,2,61,7925
3579,2023,2,62,2986
3580,2023,2,63,1951
3581,2023,2,64,4135
3582,2023,2,65,1542
3583,2023,2,66,638
3584,2023,2,67,1034
3585,2023,2,68,1904
3586,2023,2,69,639
3587,2023,2,70,945
3588,2023,2,71,1041
3589,2023,2,72,911
3590,2023,2,73,1324
3591,2023,2,74,3140
3592,2023,2,75,2480
3593,2023,2,76,2492
3594,2023,2,77,2312
3595,2023,2,78,937
3596,2023,2,79,743
3597,2023,2,80,727
3598,2023,2,81,753
3599,2023,2,82,2807
3600,2023,2,83,2026
3601,2023,2,84,401
3602,2023,2,85,1288
3603,2023,2,86,19488
3604,2023,2,87,25395
3605,2023,2,88,24360
3606,2023,2,89,24796
3607,2023,2,90,34620
3608,2023,2,91,17256
3609,2023,2,92,7417
3610,2023,2,93,21870
3611,2023,2,94,32800
3612,2023,2,95,24250
3613,2023,2,96,2104
3614,2023,2,97,1049
3615,2023,2,98,10829
3616,2023,2,99,6419
3617,2023,2,100,13232
3618,2023,2,101,1161
3619,2023,2,102,798
3620,2023,2,103,250
3621,2023,2,104,135
3622,2023,2,105,1005
3623,2023,2,106,853
3624,2023,2,107,261
3625,2023,2,108,138
3626,2023,2,109,4391
3627,2023,2,110,1313
3628,2023,2,111,806
3629,2023,2,112,4914
3630,2023,2,113,6227
3631,2023,2,114,606
3632,2023,2,115,784
3633,2023,3,1,3111
3634,2023,3,2,3436
3635,2023,3,3,3852
3636,2023,3,4,7304
3637,2023,3,5,2212
3638,2023,3,6,780
3639,2023,3,7,3803
3640,2023,3,8,3445
3641,2023,3,9,939
3642,2023,3,10,3474
3643,2023,3,11,558
3644,2023,3,12,1054
3645,2023,3,13,1146
3646,2023,3,14,3054
3647,2023,3,15,890
3648,2023,3,16,18678
3649,2023,3,17,3658
3650,2023,3,18,3368
3651,2023,3,19,2287
3652,2023,3,20,3293
3653,2023,3,21,3109
3654,2023,3,22,1043
3655,2023,3,23,571
3656,2023,3,24,2574
3657,2023,3,25,1635
3658,2023,3,26,1792
3659,2023,3,27,1580
3660,2023,3,28,1877
3661,2023,3,29,4386
3662,2023,3,30,1822
3663,2023,3,31,4612
3664,2023,3,32,11811
3665,2023,3,33,7789
3666,2023,3,34,9238
3667,2023,3,35,7731
3668,2023,3,36,5215
3669,2023,3,37,3107
3670,2023,3,38,1661
3671,2023,3,39,3546
3672,2023,3,40,8602
3673,2023,3,41,2997
3674,2023,3,42,3591
3675,2023,3,43,6397
3676,2023,3,44,6378
3677,2023,3,45,1856
3678,2023,3,46,1886
3679,2023,3,47,5905
3680,2023,3,48,1946
3681,2023,3,49,1064
3682,2023,3,50,25053
3683,2023,3,51,9866
3684,2023,3,52,6162
3685,2023,3,53,7402
3686,2023,3,54,7167
3687,2023,3,55,4692
3688,2023,3,56,7570
3689,2023,3,57,1774
3690,2023,3,58,1831
3691,2023,3,59,857
3692,2023,3,60,9579
3693,2023,3,61,7491
3694,2023,3,62,2760
3695,2023,3,63,2145
3696,2023,3,64,4295
3697,2023,3,65,1966
3698,2023,3,66,724
3699,2023,3,67,1202
3700,2023,3,68,1658
3701,2023,3,69,683
3702,2023,3,70,927
3703,2023,3,71,1179
3704,2023,3,72,1005
3705,2023,3,73,1464
3706,2023,3,74,3356
3707,2023,3,75,2762
3708,2023,3,76,2438
3709,2023,3,77,2806
3710,2023,3,78,1053
3711,2023,3,79,715
3712,2023,3,80,899
3713,2023,3,81,709
3714,2023,3,82,2655
3715,2023,3,83,2132
3716,2023,3,84,179
3717,2023,3,85,1312
3718,2023,3,86,18468
3719,2023,3,87,22709
3720,2023,3,88,22266
3721,2023,3,89,23022
3722,2023,3,90,32272
3723,2023,3,91,15620
3724,2023,3,92,6943
3725,2023,3,93,20330
3726,2023,3,94,29426
3727,2023,3,95,22122
3728,2023,3,96,1856
3729,2023,3,97,1567
3730,2023,3,98,10111
3731,2023,3,99,5655
3732,2023,3,100,12390
3733,2023,3,101,1153
3734,2023,3,102,768
3735,2023,3,103,554
3736,2023,3,104,937
3737,2023,3,105,1011
3738,2023,3,106,847
3739,2023,3,107,967
3740,2023,3,108,1014
3741,2023,3,109,4925
3742,2023,3,110,867
3743,2023,3,111,616
3744,2023,3,112,4142
3745,2023,3,113,5669
3746,2023,3,114,540
3747,2023,3,115,3960
3748,2023,4,1,2939
3749,2023,4,2,5920
3750,2023,4,3,4866
3751,2023,4,4,6602
3752,2023,4,5,1852
3753,2023,4,6,1212
3754,2023,4,7,3333
3755,2023,4,8,3047
3756,2023,4,9,2499
3757,2023,4,10,2610
3758,2023,4,11,480
3759,2023,4,12,714
3760,2023,4,13,1064
3761,2023,4,14,2648
3762,2023,4,15,730
3763,2023,4,16,37662
3764,2023,4,17,3698
3765,2023,4,18,2628
3766,2023,4,19,2147
3767,2023,4,20,2813
3768,2023,4,21,2689
3769,2023,4,22,855
3770,2023,4,23,841
3771,2023,4,24,2426
3772,2023,4,25,1761
3773,2023,4,26,1838
3774,2023,4,27,1578
3775,2023,4,28,1769
3776,2023,4,29,3220
3777,2023,4,30,3314
3778,2023,4,31,3852
3779,2023,4,32,10159
3780,2023,4,33,6205
3781,2023,4,34,7062
3782,2023,4,35,6791
3783,2023,4,36,8241
3784,2023,4,37,4031
3785,2023,4,38,2449
3786,2023,4,39,4642
3787,2023,4,40,7466
3788,2023,4,41,2657
3789,2023,4,42,3271
3790,2023,4,43,6147
3791,2023,4,44,5822
3792,2023,4,45,1676
3793,2023,4,46,1802
3794,2023,4,47,5605
