PRODUCT_NUMBER,YEAR,MONTH,EXPECTED_VOLUME
45,2023,12,90
46,2023,12,84
47,2023,12,468
48,2023,12,91
49,2023,12,35
50,2023,12,998
51,2023,12,543
52,2023,12,295
53,2023,12,395
54,2023,12,465
55,2023,12,390
56,2023,12,562
57,2023,12,120
58,2023,12,422
59,2023,12,106
60,2023,12,426
61,2023,12,697
62,2023,12,765
63,2023,12,182
64,2023,12,264
65,2023,12,513
66,2023,12,152
67,2023,12,254
68,2023,12,604
69,2023,12,39
70,2023,12,209
71,2023,12,88
72,2023,12,73
73,2023,12,241
74,2023,12,291
75,2023,12,202
76,2023,12,233
77,2023,12,558
78,2023,12,118
79,2023,12,57
80,2023,12,622
81,2023,12,152
82,2023,12,311
83,2023,12,428
84,2023,12,104
85,2023,12,248
86,2023,12,275
88,2023,12,54
89,2023,12,365
90,2023,12,421
91,2023,12,258
92,2023,12,120
93,2023,12,361
94,2023,12,421
95,2023,12,267
96,2023,12,24
97,2023,12,36
98,2023,12,64
99,2023,12,134
100,2023,12,436
101,2023,12,110
102,2023,12,38
103,2023,12,35
104,2023,12,14
105,2023,12,126
106,2023,12,23
107,2023,12,37
108,2023,12,40
109,2023,12,200
110,2023,12,204
111,2023,12,105
112,2023,12,422
113,2023,12,276
114,2023,12,29
1,2023,12,905
2,2023,12,544
3,2023,12,349
4,2023,12,299
5,2023,12,177
6,2023,12,51
7,2023,12,46
8,2023,12,183
9,2023,12,72
10,2023,12,87
11,2023,12,299
12,2023,12,489
13,2023,12,467
14,2023,12,595
15,2023,12,204
16,2023,12,1174
17,2023,12,748
18,2023,12,652
19,2023,12,533
20,2023,12,448
21,2023,12,99
22,2023,12,55
23,2023,12,83
24,2023,12,453
25,2023,12,126
26,2023,12,415
27,2023,12,311
28,2023,12,164
29,2023,12,363
30,2023,12,419
31,2023,12,144
32,2023,12,802
33,2023,12,420
34,2023,12,1130
35,2023,12,610
36,2023,12,298
37,2023,12,324
38,2023,12,141
39,2023,12,251
40,2023,12,1002
41,2023,12,146
42,2023,12,213
43,2023,12,610
44,2023,12,318
115,2023,12,248
63,2022,12,130
64,2022,12,632
65,2022,12,261
66,2022,12,98
67,2022,12,227
68,2022,12,353
69,2022,12,38
70,2022,12,103
71,2022,12,112
72,2022,12,171
73,2022,12,297
74,2022,12,452
75,2022,12,195
76,2022,12,482
77,2022,12,178
78,2022,12,191
79,2022,12,41
80,2022,12,156
81,2022,12,135
82,2022,12,225
83,2022,12,152
84,2022,12,198
85,2022,12,61
86,2022,12,758
87,2022,12,239
88,2022,12,268
89,2022,12,63
90,2022,12,409
91,2022,12,119
92,2022,12,203
93,2022,12,141
94,2022,12,405
95,2022,12,247
96,2022,12,62
97,2022,12,34
98,2022,12,238
99,2022,12,60
100,2022,12,545
101,2022,12,65
102,2022,12,73
103,2022,12,24
104,2022,12,24
105,2022,12,56
106,2022,12,15
107,2022,12,17
108,2022,12,10
109,2022,12,184
110,2022,12,151
111,2022,12,44
112,2022,12,130
113,2022,12,213
114,2022,12,41
115,2022,12,336
1,2022,12,640
2,2022,12,715
3,2022,12,511
4,2022,12,259
5,2022,12,198
6,2022,12,26
7,2022,12,104
8,2022,12,70
9,2022,12,212
10,2022,12,171
11,2022,12,99
12,2022,12,177
13,2022,12,83
14,2022,12,244
15,2022,12,41
16,2022,12,413
17,2022,12,179
18,2022,12,242
19,2022,12,300
20,2022,12,165
21,2022,12,78
22,2022,12,44
23,2022,12,19
24,2022,12,258
25,2022,12,169
26,2022,12,104
27,2022,12,260
28,2022,12,133
29,2022,12,68
30,2022,12,255
31,2022,12,157
32,2022,12,475
33,2022,12,827
34,2022,12,355
35,2022,12,234
36,2022,12,451
37,2022,12,42
38,2022,12,75
39,2022,12,108
40,2022,12,1022
41,2022,12,32
45,2023,11,53
46,2023,11,35
47,2023,11,118
48,2023,11,181
49,2023,11,97
50,2023,11,487
51,2023,11,247
52,2023,11,341
53,2023,11,435
54,2023,11,584
55,2023,11,359
56,2023,11,171
57,2023,11,110
58,2023,11,365
59,2023,11,111
60,2023,11,543
61,2023,11,510
62,2023,11,566
63,2023,11,159
64,2023,11,848
65,2023,11,418
66,2023,11,173
67,2023,11,415
68,2023,11,340
69,2023,11,113
70,2023,11,248
71,2023,11,96
72,2023,11,88
73,2023,11,333
74,2023,11,615
75,2023,11,575
76,2023,11,464
77,2023,11,533
78,2023,11,177
79,2023,11,155
80,2023,11,239
81,2023,11,182
82,2023,11,464
83,2023,11,219
84,2023,11,190
85,2023,11,126
86,2023,11,394
87,2023,11,338
88,2023,11,263
89,2023,11,200
90,2023,11,382
91,2023,11,179
92,2023,11,75
93,2023,11,210
94,2023,11,181
95,2023,11,364
96,2023,11,52
97,2023,11,72
98,2023,11,62
99,2023,11,187
100,2023,11,250
101,2023,11,136
102,2023,11,127
103,2023,11,23
104,2023,11,50
105,2023,11,95
106,2023,11,97
107,2023,11,76
108,2023,11,48
109,2023,11,275
110,2023,11,172
111,2023,11,92
112,2023,11,386
113,2023,11,249
114,2023,11,94
1,2023,11,457
2,2023,11,1874
3,2023,11,542
4,2023,11,875
5,2023,11,374
6,2023,11,118
7,2023,11,170
8,2023,11,281
9,2023,11,305
10,2023,11,536
11,2023,11,220
12,2023,11,799
13,2023,11,252
14,2023,11,747
15,2023,11,167
16,2023,11,835
17,2023,11,552
18,2023,11,715
19,2023,11,173
20,2023,11,184
21,2023,11,426
22,2023,11,53
23,2023,11,124
24,2023,11,500
25,2023,11,217
26,2023,11,118
27,2023,11,213
28,2023,11,361
29,2023,11,396
30,2023,11,222
31,2023,11,373
32,2023,11,1472
33,2023,11,410
34,2023,11,954
35,2023,11,938
36,2023,11,552
37,2023,11,110
38,2023,11,79
39,2023,11,449
40,2023,11,1451
41,2023,11,349
42,2023,11,229
43,2023,11,298
44,2023,11,286
115,2023,11,394
63,2022,11,101
64,2022,11,403
65,2022,11,292
66,2022,11,91
67,2022,11,189
68,2022,11,292
69,2022,11,42
70,2022,11,45
71,2022,11,107
72,2022,11,157
73,2022,11,220
74,2022,11,500
75,2022,11,389
76,2022,11,267
77,2022,11,217
78,2022,11,231
79,2022,11,38
80,2022,11,117
81,2022,11,64
82,2022,11,283
83,2022,11,218
84,2022,11,51
85,2022,11,232
86,2022,11,285
87,2022,11,69
88,2022,11,330
89,2022,11,438
90,2022,11,615
91,2022,11,90
92,2022,11,24
93,2022,11,610
94,2022,11,371
95,2022,11,238
96,2022,11,164
97,2022,11,59
98,2022,11,42
99,2022,11,140
100,2022,11,1158
101,2022,11,76
102,2022,11,78
103,2022,11,34
104,2022,11,30
105,2022,11,94
106,2022,11,61
107,2022,11,23
108,2022,11,13
109,2022,11,98
110,2022,11,221
111,2022,11,35
112,2022,11,264
113,2022,11,214
114,2022,11,42
115,2022,11,184
1,2022,11,390
2,2022,11,338
3,2022,11,322
4,2022,11,571
5,2022,11,64
6,2022,11,45
7,2022,11,127
8,2022,11,124
9,2022,11,129
10,2022,11,170
11,2022,11,196
12,2022,11,308
13,2022,11,210
14,2022,11,357
15,2022,11,229
16,2022,11,335
17,2022,11,508
18,2022,11,571
19,2022,11,265
20,2022,11,279
21,2022,11,122
22,2022,11,52
23,2022,11,27
24,2022,11,94
25,2022,11,200
26,2022,11,151
27,2022,11,132
28,2022,11,261
29,2022,11,104
30,2022,11,266
31,2022,11,321
32,2022,11,717
33,2022,11,490
34,2022,11,282
35,2022,11,797
36,2022,11,452
37,2022,11,353
38,2022,11,228
39,2022,11,491
40,2022,11,624
41,2022,11,166
45,2023,10,211
46,2023,10,249
47,2023,10,781
48,2023,10,459
49,2023,10,205
50,2023,10,2468
51,2023,10,1966
52,2023,10,1539
53,2023,10,1459
54,2023,10,1376
55,2023,10,2335
56,2023,10,824
57,2023,10,726
58,2023,10,1305
59,2023,10,818
60,2023,10,1155
61,2023,10,1412
62,2023,10,2359
63,2023,10,912
64,2023,10,2828
65,2023,10,1515
66,2023,10,533
67,2023,10,1689
68,2023,10,1246
69,2023,10,308
70,2023,10,648
71,2023,10,337
72,2023,10,606
73,2023,10,1334
74,2023,10,3454
75,2023,10,1897
76,2023,10,2490
77,2023,10,1598
78,2023,10,980
79,2023,10,494
80,2023,10,804
81,2023,10,721
82,2023,10,1538
83,2023,10,1159
84,2023,10,859
85,2023,10,817
86,2023,10,3855
87,2023,10,914
88,2023,10,1073
89,2023,10,809
90,2023,10,1470
91,2023,10,353
92,2023,10,69
93,2023,10,499
94,2023,10,1245
95,2023,10,963
96,2023,10,60
97,2023,10,58
98,2023,10,134
99,2023,10,230
100,2023,10,1119
101,2023,10,406
102,2023,10,252
103,2023,10,165
104,2023,10,77
105,2023,10,371
106,2023,10,271
107,2023,10,132
108,2023,10,120
109,2023,10,757
110,2023,10,693
111,2023,10,258
112,2023,10,1387
113,2023,10,943
114,2023,10,142
1,2023,10,3775
2,2023,10,1664
3,2023,10,1628
4,2023,10,2056
5,2023,10,586
6,2023,10,166
7,2023,10,635
8,2023,10,1309
9,2023,10,686
10,2023,10,1329
11,2023,10,472
12,2023,10,1399
13,2023,10,950
14,2023,10,1091
15,2023,10,530
16,2023,10,3106
17,2023,10,1547
18,2023,10,1257
19,2023,10,1525
20,2023,10,659
21,2023,10,762
22,2023,10,320
23,2023,10,202
24,2023,10,1489
25,2023,10,966
26,2023,10,569
27,2023,10,813
28,2023,10,1235
29,2023,10,1519
30,2023,10,588
31,2023,10,993
32,2023,10,3408
33,2023,10,2780
34,2023,10,2246
35,2023,10,1585
36,2023,10,2636
37,2023,10,1469
38,2023,10,1090
39,2023,10,1176
40,2023,10,3001
41,2023,10,660
42,2023,10,694
43,2023,10,1006
44,2023,10,1058
115,2023,10,1593
63,2022,10,954
64,2022,10,2189
65,2022,10,1555
66,2022,10,491
67,2022,10,563
68,2022,10,625
69,2022,10,383
70,2022,10,559
71,2022,10,365
72,2022,10,191
73,2022,10,1026
74,2022,10,2368
75,2022,10,988
76,2022,10,1751
77,2022,10,1478
78,2022,10,668
79,2022,10,315
80,2022,10,441
81,2022,10,384
82,2022,10,729
83,2022,10,735
84,2022,10,453
85,2022,10,314
86,2022,10,3157
87,2022,10,821
88,2022,10,124
89,2022,10,1232
90,2022,10,536
91,2022,10,383
92,2022,10,20
93,2022,10,904
94,2022,10,841
95,2022,10,1608
97,2022,10,45
98,2022,10,337
99,2022,10,273
100,2022,10,2835
101,2022,10,124
102,2022,10,123
103,2022,10,101
104,2022,10,40
105,2022,10,152
106,2022,10,143
107,2022,10,44
108,2022,10,35
109,2022,10,258
110,2022,10,206
111,2022,10,121
112,2022,10,555
113,2022,10,290
114,2022,10,46
115,2022,10,661
1,2022,10,1399
2,2022,10,1417
3,2022,10,1059
4,2022,10,928
5,2022,10,480
6,2022,10,224
7,2022,10,377
8,2022,10,576
9,2022,10,333
10,2022,10,766
11,2022,10,484
12,2022,10,1223
13,2022,10,565
14,2022,10,1018
15,2022,10,372
16,2022,10,1533
17,2022,10,1138
18,2022,10,876
19,2022,10,593
20,2022,10,396
21,2022,10,438
22,2022,10,140
23,2022,10,157
24,2022,10,811
25,2022,10,305
26,2022,10,634
27,2022,10,462
28,2022,10,651
29,2022,10,764
30,2022,10,676
31,2022,10,968
32,2022,10,2086
33,2022,10,2068
34,2022,10,1944
35,2022,10,1294
36,2022,10,1984
37,2022,10,744
38,2022,10,821
39,2022,10,682
40,2022,10,1388
41,2022,10,519
45,2024,9,166
46,2024,9,235
47,2024,9,611
48,2024,9,174
49,2024,9,121
50,2024,9,1440
51,2024,9,959
52,2024,9,70
53,2024,9,664
54,2024,9,503
55,2024,9,598
56,2024,9,440
57,2024,9,253
58,2024,9,489
59,2024,9,185
60,2024,9,490
61,2024,9,833
62,2024,9,668
63,2024,9,902
64,2024,9,1271
65,2024,9,1011
66,2024,9,185
67,2024,9,867
68,2024,9,647
69,2024,9,53
70,2024,9,350
71,2024,9,510
72,2024,9,339
73,2024,9,399
74,2024,9,1305
75,2024,9,753
76,2024,9,1223
77,2024,9,767
78,2024,9,612
79,2024,9,130
80,2024,9,503
81,2024,9,215
82,2024,9,725
83,2024,9,333
84,2024,9,406
85,2024,9,212
86,2024,9,1774
87,2024,9,589
88,2024,9,783
89,2024,9,1057
90,2024,9,1106
91,2024,9,566
92,2024,9,99
93,2024,9,1038
94,2024,9,775
95,2024,9,999
96,2024,9,137
97,2024,9,29
98,2024,9,625
99,2024,9,241
100,2024,9,606
101,2024,9,309
102,2024,9,292
103,2024,9,128
104,2024,9,51
105,2024,9,222
106,2024,9,221
107,2024,9,78
108,2024,9,30
109,2024,9,314
110,2024,9,523
111,2024,9,238
112,2024,9,983
113,2024,9,646
114,2024,9,109
1,2024,9,811
2,2024,9,548
3,2024,9,529
4,2024,9,1049
5,2024,9,301
6,2024,9,74
7,2024,9,364
8,2024,9,344
9,2024,9,127
10,2024,9,575
11,2024,9,192
12,2024,9,855
13,2024,9,513
14,2024,9,528
15,2024,9,221
16,2024,9,1291
17,2024,9,663
18,2024,9,1092
19,2024,9,451
20,2024,9,501
21,2024,9,311
22,2024,9,88
23,2024,9,15
24,2024,9,635
25,2024,9,368
26,2024,9,199
27,2024,9,236
28,2024,9,514
29,2024,9,403
30,2024,9,427
31,2024,9,567
32,2024,9,2280
33,2024,9,1141
34,2024,9,1285
35,2024,9,751
36,2024,9,344
37,2024,9,964
38,2024,9,532
39,2024,9,356
40,2024,9,1803
41,2024,9,212
42,2024,9,318
43,2024,9,730
44,2024,9,616
115,2024,9,920
45,2023,9,98
46,2023,9,124
47,2023,9,286
48,2023,9,278
49,2023,9,90
50,2023,9,2300
51,2023,9,612
52,2023,9,300
53,2023,9,724
54,2023,9,633
55,2023,9,784
56,2023,9,289
57,2023,9,502
58,2023,9,434
59,2023,9,226
60,2023,9,729
61,2023,9,663
62,2023,9,653
63,2023,9,493
64,2023,9,1489
65,2023,9,1100
66,2023,9,365
67,2023,9,754
68,2023,9,621
69,2023,9,127
70,2023,9,227
71,2023,9,424
72,2023,9,206
73,2023,9,375
74,2023,9,953
75,2023,9,1131
76,2023,9,1110
77,2023,9,1019
78,2023,9,485
79,2023,9,245
80,2023,9,536
81,2023,9,243
82,2023,9,455
83,2023,9,376
84,2023,9,384
85,2023,9,298
86,2023,9,1695
87,2023,9,1352
88,2023,9,705
89,2023,9,1177
90,2023,9,1658
91,2023,9,660
92,2023,9,112
93,2023,9,605
94,2023,9,826
95,2023,9,933
96,2023,9,55
97,2023,9,86
98,2023,9,286
99,2023,9,256
100,2023,9,1036
101,2023,9,125
102,2023,9,196
103,2023,9,99
104,2023,9,46
105,2023,9,116
106,2023,9,124
107,2023,9,47
108,2023,9,44
109,2023,9,430
110,2023,9,361
111,2023,9,89
112,2023,9,320
113,2023,9,591
114,2023,9,44
1,2023,9,1419
2,2023,9,1010
3,2023,9,1273
4,2023,9,1125
5,2023,9,471
6,2023,9,241
7,2023,9,233
8,2023,9,347
9,2023,9,237
10,2023,9,466
11,2023,9,167
12,2023,9,857
13,2023,9,613
14,2023,9,1312
15,2023,9,330
16,2023,9,2106
17,2023,9,609
18,2023,9,1407
19,2023,9,336
20,2023,9,430
21,2023,9,142
22,2023,9,117
23,2023,9,104
24,2023,9,333
25,2023,9,368
26,2023,9,443
27,2023,9,299
28,2023,9,498
29,2023,9,509
30,2023,9,393
31,2023,9,695
32,2023,9,1842
33,2023,9,998
34,2023,9,2333
35,2023,9,966
36,2023,9,1349
37,2023,9,801
38,2023,9,329
39,2023,9,560
40,2023,9,2468
41,2023,9,474
42,2023,9,159
43,2023,9,313
44,2023,9,774
115,2023,9,433
63,2022,9,518
64,2022,9,1226
65,2022,9,641
66,2022,9,126
67,2022,9,252
68,2022,9,287
69,2022,9,65
70,2022,9,252
71,2022,9,79
72,2022,9,107
73,2022,9,498
74,2022,9,739
75,2022,9,197
76,2022,9,555
77,2022,9,438
78,2022,9,324
79,2022,9,92
80,2022,9,224
81,2022,9,165
82,2022,9,317
83,2022,9,161
84,2022,9,263
85,2022,9,178
86,2022,9,920
87,2022,9,1535
88,2022,9,1457
89,2022,9,1246
90,2022,9,1565
91,2022,9,513
92,2022,9,501
93,2022,9,1042
94,2022,9,3412
95,2022,9,2023
96,2022,9,216
97,2022,9,147
98,2022,9,292
99,2022,9,460
100,2022,9,604
101,2022,9,70
102,2022,9,105
103,2022,9,33
104,2022,9,14
105,2022,9,126
106,2022,9,89
107,2022,9,36
108,2022,9,39
109,2022,9,222
110,2022,9,123
111,2022,9,33
112,2022,9,313
113,2022,9,335
114,2022,9,29
115,2022,9,627
1,2022,9,839
2,2022,9,239
3,2022,9,188
4,2022,9,419
5,2022,9,167
6,2022,9,44
7,2022,9,103
8,2022,9,163
9,2022,9,107
10,2022,9,233
11,2022,9,90
12,2022,9,539
13,2022,9,278
14,2022,9,235
15,2022,9,108
16,2022,9,1018
17,2022,9,233
18,2022,9,233
19,2022,9,368
20,2022,9,111
21,2022,9,155
22,2022,9,46
23,2022,9,29
24,2022,9,260
25,2022,9,318
26,2022,9,292
27,2022,9,33
28,2022,9,354
29,2022,9,369
30,2022,9,182
31,2022,9,285
32,2022,9,754
33,2022,9,397
34,2022,9,484
35,2022,9,573
36,2022,9,721
37,2022,9,276
38,2022,9,114
39,2022,9,311
40,2022,9,1060
41,2022,9,194
45,2024,8,122
46,2024,8,128
47,2024,8,418
48,2024,8,196
49,2024,8,104
50,2024,8,1253
51,2024,8,715
52,2024,8,701
53,2024,8,641
54,2024,8,510
55,2024,8,533
56,2024,8,385
57,2024,8,248
58,2024,8,554
59,2024,8,251
60,2024,8,600
61,2024,8,761
62,2024,8,392
63,2024,8,606
64,2024,8,812
65,2024,8,520
66,2024,8,273
67,2024,8,1158
68,2024,8,713
69,2024,8,58
70,2024,8,212
71,2024,8,151
72,2024,8,393
73,2024,8,436
74,2024,8,1088
75,2024,8,897
76,2024,8,1008
77,2024,8,1256
78,2024,8,560
79,2024,8,101
80,2024,8,533
81,2024,8,374
82,2024,8,521
83,2024,8,441
84,2024,8,337
85,2024,8,383
86,2024,8,1043
87,2024,8,1242
88,2024,8,1797
89,2024,8,2191
90,2024,8,1730
91,2024,8,954
92,2024,8,279
93,2024,8,1271
94,2024,8,1071
95,2024,8,2111
96,2024,8,67
98,2024,8,258
99,2024,8,299
100,2024,8,865
101,2024,8,82
102,2024,8,112
103,2024,8,40
104,2024,8,11
105,2024,8,45
106,2024,8,68
107,2024,8,7
108,2024,8,14
109,2024,8,141
110,2024,8,28
111,2024,8,20
112,2024,8,282
113,2024,8,128
114,2024,8,13
1,2024,8,1065
2,2024,8,717
3,2024,8,1103
4,2024,8,652
5,2024,8,429
6,2024,8,152
7,2024,8,327
8,2024,8,303
9,2024,8,363
10,2024,8,652
11,2024,8,174
12,2024,8,550
13,2024,8,306
14,2024,8,376
15,2024,8,381
16,2024,8,1999
17,2024,8,674
18,2024,8,570
19,2024,8,508
20,2024,8,253
21,2024,8,325
22,2024,8,79
23,2024,8,64
24,2024,8,733
25,2024,8,434
26,2024,8,382
27,2024,8,404
28,2024,8,374
29,2024,8,535
30,2024,8,315
31,2024,8,385
32,2024,8,786
33,2024,8,1252
34,2024,8,1519
35,2024,8,562
36,2024,8,512
37,2024,8,770
38,2024,8,335
39,2024,8,652
40,2024,8,2022
41,2024,8,358
42,2024,8,230
43,2024,8,249
44,2024,8,379
115,2024,8,282
45,2023,8,223
46,2023,8,105
47,2023,8,282
48,2023,8,57
49,2023,8,89
50,2023,8,1390
51,2023,8,522
52,2023,8,377
53,2023,8,260
54,2023,8,465
55,2023,8,634
56,2023,8,188
57,2023,8,217
58,2023,8,248
59,2023,8,220
60,2023,8,538
61,2023,8,721
62,2023,8,539
63,2023,8,330
64,2023,8,1137
65,2023,8,259
66,2023,8,133
67,2023,8,491
68,2023,8,445
69,2023,8,173
70,2023,8,206
71,2023,8,250
72,2023,8,116
73,2023,8,439
74,2023,8,786
75,2023,8,758
76,2023,8,723
77,2023,8,333
78,2023,8,181
79,2023,8,156
80,2023,8,264
81,2023,8,44
82,2023,8,326
83,2023,8,274
84,2023,8,162
85,2023,8,189
86,2023,8,1969
87,2023,8,995
88,2023,8,2658
89,2023,8,1675
90,2023,8,2116
91,2023,8,1002
92,2023,8,469
93,2023,8,1759
94,2023,8,3844
95,2023,8,1803
96,2023,8,238
97,2023,8,83
98,2023,8,670
99,2023,8,440
100,2023,8,948
101,2023,8,89
102,2023,8,89
103,2023,8,42
104,2023,8,25
105,2023,8,10
106,2023,8,74
107,2023,8,16
108,2023,8,14
109,2023,8,209
110,2023,8,65
111,2023,8,50
112,2023,8,338
113,2023,8,208
114,2023,8,34
1,2023,8,1332
2,2023,8,624
3,2023,8,445
4,2023,8,1098
5,2023,8,204
6,2023,8,98
7,2023,8,182
8,2023,8,254
9,2023,8,190
10,2023,8,447
11,2023,8,123
12,2023,8,948
13,2023,8,432
14,2023,8,307
15,2023,8,143
16,2023,8,1611
17,2023,8,673
18,2023,8,575
19,2023,8,356
20,2023,8,126
21,2023,8,105
22,2023,8,77
23,2023,8,105
24,2023,8,1538
25,2023,8,392
26,2023,8,246
27,2023,8,284
28,2023,8,359
29,2023,8,504
30,2023,8,319
31,2023,8,463
32,2023,8,1701
33,2023,8,1695
34,2023,8,844
35,2023,8,638
36,2023,8,1179
37,2023,8,396
38,2023,8,296
39,2023,8,374
40,2023,8,824
41,2023,8,282
42,2023,8,202
43,2023,8,345
44,2023,8,169
115,2023,8,207
63,2022,8,111
64,2022,8,798
65,2022,8,197
66,2022,8,65
67,2022,8,184
68,2022,8,378
69,2022,8,78
70,2022,8,127
71,2022,8,199
72,2022,8,81
73,2022,8,204
74,2022,8,417
75,2022,8,185
76,2022,8,423
77,2022,8,315
78,2022,8,167
79,2022,8,59
80,2022,8,66
81,2022,8,181
82,2022,8,70
83,2022,8,137
84,2022,8,127
85,2022,8,63
86,2022,8,1719
87,2022,8,2050
88,2022,8,3028
89,2022,8,2624
90,2022,8,2457
91,2022,8,1667
92,2022,8,426
93,2022,8,3849
94,2022,8,4628
95,2022,8,2434
96,2022,8,296
97,2022,8,91
98,2022,8,1326
99,2022,8,841
100,2022,8,1162
101,2022,8,50
102,2022,8,24
103,2022,8,16
104,2022,8,14
105,2022,8,15
106,2022,8,36
107,2022,8,18
108,2022,8,18
109,2022,8,174
110,2022,8,56
111,2022,8,10
112,2022,8,155
113,2022,8,97
114,2022,8,7
115,2022,8,94
1,2022,8,502
2,2022,8,373
3,2022,8,505
4,2022,8,188
5,2022,8,163
6,2022,8,64
7,2022,8,55
8,2022,8,142
9,2022,8,151
10,2022,8,184
11,2022,8,94
12,2022,8,352
13,2022,8,170
14,2022,8,339
15,2022,8,244
16,2022,8,555
17,2022,8,462
18,2022,8,85
19,2022,8,339
20,2022,8,99
21,2022,8,174
22,2022,8,27
23,2022,8,68
24,2022,8,218
25,2022,8,157
26,2022,8,118
27,2022,8,118
28,2022,8,385
29,2022,8,207
30,2022,8,138
31,2022,8,404
32,2022,8,623
33,2022,8,855
34,2022,8,397
35,2022,8,435
36,2022,8,427
37,2022,8,136
38,2022,8,146
39,2022,8,366
40,2022,8,84
41,2022,8,115
45,2024,7,113
46,2024,7,52
47,2024,7,378
48,2024,7,194
49,2024,7,61
50,2024,7,2943
51,2024,7,293
52,2024,7,390
53,2024,7,514
54,2024,7,568
55,2024,7,980
56,2024,7,515
57,2024,7,323
58,2024,7,562
59,2024,7,264
60,2024,7,861
61,2024,7,1156
62,2024,7,555
63,2024,7,641
64,2024,7,1917
65,2024,7,799
66,2024,7,155
67,2024,7,864
68,2024,7,938
69,2024,7,25
70,2024,7,551
71,2024,7,340
72,2024,7,225
73,2024,7,413
74,2024,7,1135
75,2024,7,469
76,2024,7,795
77,2024,7,507
78,2024,7,393
79,2024,7,257
80,2024,7,236
81,2024,7,296
82,2024,7,473
83,2024,7,433
84,2024,7,175
85,2024,7,215
86,2024,7,974
87,2024,7,1505
88,2024,7,1311
89,2024,7,1181
90,2024,7,1735
91,2024,7,1322
92,2024,7,292
93,2024,7,875
94,2024,7,2559
95,2024,7,676
96,2024,7,149
97,2024,7,76
98,2024,7,559
99,2024,7,327
100,2024,7,476
101,2024,7,183
102,2024,7,100
103,2024,7,32
104,2024,7,21
105,2024,7,82
106,2024,7,123
107,2024,7,31
108,2024,7,32
109,2024,7,282
110,2024,7,316
111,2024,7,85
112,2024,7,423
113,2024,7,544
114,2024,7,32
1,2024,7,1178
2,2024,7,1356
3,2024,7,975
4,2024,7,944
5,2024,7,401
6,2024,7,66
7,2024,7,191
8,2024,7,238
9,2024,7,264
10,2024,7,496
11,2024,7,330
12,2024,7,541
13,2024,7,325
14,2024,7,774
15,2024,7,262
16,2024,7,1287
17,2024,7,769
18,2024,7,314
19,2024,7,556
20,2024,7,336
21,2024,7,292
22,2024,7,165
23,2024,7,75
24,2024,7,1374
25,2024,7,659
26,2024,7,188
27,2024,7,199
28,2024,7,722
29,2024,7,553
30,2024,7,604
31,2024,7,487
32,2024,7,1713
33,2024,7,1408
34,2024,7,1142
35,2024,7,979
36,2024,7,663
37,2024,7,456
38,2024,7,379
39,2024,7,490
40,2024,7,862
41,2024,7,92
42,2024,7,399
43,2024,7,460
44,2024,7,578
115,2024,7,412
45,2023,7,133
46,2023,7,72
47,2023,7,429
48,2023,7,182
49,2023,7,90
50,2023,7,1453
51,2023,7,474
52,2023,7,275
53,2023,7,664
54,2023,7,429
55,2023,7,738
56,2023,7,426
57,2023,7,348
58,2023,7,297
59,2023,7,295
60,2023,7,972
61,2023,7,1024
62,2023,7,1001
63,2023,7,716
64,2023,7,1115
65,2023,7,570
66,2023,7,153
67,2023,7,566
68,2023,7,842
69,2023,7,176
70,2023,7,270
71,2023,7,253
72,2023,7,265
73,2023,7,431
74,2023,7,1695
75,2023,7,663
76,2023,7,1199
77,2023,7,722
78,2023,7,210
79,2023,7,238
80,2023,7,342
81,2023,7,382
82,2023,7,641
83,2023,7,289
84,2023,7,367
85,2023,7,249
86,2023,7,1101
87,2023,7,1422
88,2023,7,2981
89,2023,7,2505
90,2023,7,3213
91,2023,7,1490
92,2023,7,335
93,2023,7,1697
94,2023,7,2789
95,2023,7,1744
96,2023,7,417
97,2023,7,156
98,2023,7,637
99,2023,7,423
100,2023,7,1518
101,2023,7,74
102,2023,7,72
103,2023,7,43
104,2023,7,15
105,2023,7,59
106,2023,7,159
107,2023,7,12
108,2023,7,42
109,2023,7,245
110,2023,7,182
111,2023,7,58
112,2023,7,513
113,2023,7,260
114,2023,7,49
1,2023,7,999
2,2023,7,1228
3,2023,7,982
4,2023,7,1554
5,2023,7,276
6,2023,7,70
7,2023,7,537
8,2023,7,208
9,2023,7,280
10,2023,7,338
11,2023,7,230
12,2023,7,523
13,2023,7,419
14,2023,7,856
15,2023,7,221
16,2023,7,513
17,2023,7,673
18,2023,7,448
19,2023,7,488
20,2023,7,387
21,2023,7,404
22,2023,7,92
23,2023,7,135
24,2023,7,260
25,2023,7,206
26,2023,7,556
27,2023,7,206
28,2023,7,517
29,2023,7,307
30,2023,7,405
31,2023,7,510
32,2023,7,1993
33,2023,7,1769
34,2023,7,1901
35,2023,7,1136
36,2023,7,644
37,2023,7,240
38,2023,7,349
39,2023,7,647
40,2023,7,1146
41,2023,7,227
42,2023,7,197
43,2023,7,606
44,2023,7,594
115,2023,7,489
63,2022,7,754
64,2022,7,783
65,2022,7,598
66,2022,7,181
67,2022,7,226
68,2022,7,579
69,2022,7,100
70,2022,7,204
71,2022,7,243
72,2022,7,79
73,2022,7,370
74,2022,7,1046
75,2022,7,482
76,2022,7,875
77,2022,7,824
78,2022,7,289
79,2022,7,202
80,2022,7,159
81,2022,7,104
82,2022,7,469
83,2022,7,247
84,2022,7,303
85,2022,7,143
86,2022,7,2049
87,2022,7,4027
88,2022,7,3538
89,2022,7,5409
90,2022,7,4926
91,2022,7,2044
92,2022,7,909
93,2022,7,3975
94,2022,7,4653
95,2022,7,4561
96,2022,7,314
97,2022,7,299
98,2022,7,1438
99,2022,7,894
100,2022,7,1615
101,2022,7,158
102,2022,7,30
103,2022,7,29
104,2022,7,18
105,2022,7,65
106,2022,7,52
107,2022,7,6
108,2022,7,19
109,2022,7,140
110,2022,7,135
111,2022,7,31
112,2022,7,103
113,2022,7,298
114,2022,7,15
115,2022,7,252
1,2022,7,696
2,2022,7,617
3,2022,7,541
4,2022,7,568
5,2022,7,178
6,2022,7,87
7,2022,7,207
8,2022,7,297
9,2022,7,262
10,2022,7,473
11,2022,7,176
12,2022,7,506
13,2022,7,134
14,2022,7,432
15,2022,7,300
16,2022,7,1162
17,2022,7,223
18,2022,7,240
19,2022,7,468
20,2022,7,225
21,2022,7,206
22,2022,7,83
23,2022,7,75
24,2022,7,764
25,2022,7,562
26,2022,7,62
27,2022,7,180
28,2022,7,310
29,2022,7,767
30,2022,7,475
31,2022,7,312
32,2022,7,2032
33,2022,7,1569
34,2022,7,814
35,2022,7,517
36,2022,7,638
37,2022,7,125
38,2022,7,269
39,2022,7,197
40,2022,7,799
41,2022,7,202
45,2024,6,204
46,2024,6,205
47,2024,6,698
48,2024,6,179
49,2024,6,126
50,2024,6,2374
51,2024,6,1453
52,2024,6,606
53,2024,6,787
54,2024,6,660
55,2024,6,917
56,2024,6,479
57,2024,6,597
58,2024,6,658
59,2024,6,348
60,2024,6,997
61,2024,6,777
62,2024,6,1731
63,2024,6,937
64,2024,6,1383
65,2024,6,806
66,2024,6,326
67,2024,6,725
68,2024,6,913
69,2024,6,177
70,2024,6,262
71,2024,6,226
72,2024,6,498
73,2024,6,597
74,2024,6,1756
75,2024,6,1887
76,2024,6,1739
77,2024,6,1118
78,2024,6,303
79,2024,6,305
80,2024,6,723
81,2024,6,377
82,2024,6,750
83,2024,6,403
84,2024,6,360
85,2024,6,544
86,2024,6,1969
87,2024,6,1139
88,2024,6,2475
89,2024,6,891
90,2024,6,2188
91,2024,6,1140
92,2024,6,358
93,2024,6,1207
94,2024,6,1643
95,2024,6,1401
96,2024,6,220
97,2024,6,59
98,2024,6,477
99,2024,6,701
100,2024,6,834
101,2024,6,247
102,2024,6,155
103,2024,6,57
104,2024,6,85
105,2024,6,143
106,2024,6,199
107,2024,6,51
108,2024,6,88
109,2024,6,382
110,2024,6,334
111,2024,6,114
112,2024,6,416
113,2024,6,630
114,2024,6,45
1,2024,6,1496
2,2024,6,502
3,2024,6,1018
4,2024,6,891
5,2024,6,490
6,2024,6,54
7,2024,6,293
8,2024,6,706
9,2024,6,515
10,2024,6,383
11,2024,6,302
12,2024,6,942
13,2024,6,1016
14,2024,6,753
15,2024,6,290
16,2024,6,1695
17,2024,6,1032
18,2024,6,775
19,2024,6,886
20,2024,6,376
21,2024,6,285
22,2024,6,70
23,2024,6,102
24,2024,6,852
25,2024,6,222
26,2024,6,438
27,2024,6,502
28,2024,6,559
29,2024,6,675
30,2024,6,246
31,2024,6,936
32,2024,6,1231
33,2024,6,1388
34,2024,6,1780
35,2024,6,1524
36,2024,6,1277
37,2024,6,595
38,2024,6,618
39,2024,6,681
40,2024,6,1158
41,2024,6,348
42,2024,6,300
43,2024,6,687
44,2024,6,546
115,2024,6,561
45,2023,6,210
46,2023,6,159
47,2023,6,664
48,2023,6,93
49,2023,6,110
50,2023,6,2239
51,2023,6,1424
52,2023,6,446
53,2023,6,500
54,2023,6,474
55,2023,6,1175
56,2023,6,620
57,2023,6,341
58,2023,6,456
59,2023,6,389
60,2023,6,866
61,2023,6,1009
62,2023,6,1451
63,2023,6,605
64,2023,6,1278
65,2023,6,680
66,2023,6,321
67,2023,6,741
68,2023,6,1048
69,2023,6,186
70,2023,6,409
71,2023,6,301
72,2023,6,348
73,2023,6,356
74,2023,6,965
75,2023,6,632
76,2023,6,1048
77,2023,6,542
78,2023,6,547
79,2023,6,220
80,2023,6,351
81,2023,6,230
82,2023,6,644
83,2023,6,508
84,2023,6,592
85,2023,6,265
86,2023,6,2015
87,2023,6,1273
88,2023,6,2227
89,2023,6,2124
90,2023,6,2888
91,2023,6,1858
92,2023,6,437
93,2023,6,3110
94,2023,6,2398
95,2023,6,2405
96,2023,6,269
97,2023,6,225
98,2023,6,1008
99,2023,6,352
100,2023,6,1007
101,2023,6,253
102,2023,6,199
103,2023,6,50
104,2023,6,62
105,2023,6,313
106,2023,6,309
107,2023,6,126
108,2023,6,96
109,2023,6,767
110,2023,6,396
111,2023,6,124
112,2023,6,830
113,2023,6,658
114,2023,6,52
115,2023,6,938
1,2023,6,1640
2,2023,6,1179
3,2023,6,1255
4,2023,6,1150
5,2023,6,412
6,2023,6,83
7,2023,6,151
8,2023,6,564
9,2023,6,518
10,2023,6,530
11,2023,6,176
12,2023,6,726
13,2023,6,602
14,2023,6,311
15,2023,6,447
16,2023,6,1854
17,2023,6,870
18,2023,6,537
19,2023,6,891
20,2023,6,542
21,2023,6,138
22,2023,6,62
23,2023,6,48
24,2023,6,458
25,2023,6,558
26,2023,6,252
27,2023,6,454
28,2023,6,419
29,2023,6,535
30,2023,6,494
31,2023,6,1216
32,2023,6,1624
33,2023,6,1839
34,2023,6,1726
35,2023,6,1215
36,2023,6,942
37,2023,6,278
38,2023,6,273
39,2023,6,788
40,2023,6,1100
41,2023,6,403
42,2023,6,301
43,2023,6,844
44,2023,6,765
63,2022,6,480
64,2022,6,653
65,2022,6,340
66,2022,6,87
67,2022,6,275
68,2022,6,817
69,2022,6,123
70,2022,6,234
71,2022,6,151
72,2022,6,102
73,2022,6,613
74,2022,6,1011
75,2022,6,273
76,2022,6,403
77,2022,6,912
78,2022,6,260
79,2022,6,161
80,2022,6,223
81,2022,6,148
82,2022,6,584
83,2022,6,208
84,2022,6,149
85,2022,6,198
86,2022,6,3087
87,2022,6,3713
88,2022,6,3040
89,2022,6,2532
90,2022,6,5358
91,2022,6,1758
92,2022,6,1338
93,2022,6,4372
94,2022,6,4621
95,2022,6,2831
96,2022,6,349
97,2022,6,153
98,2022,6,1739
99,2022,6,698
100,2022,6,1500
101,2022,6,169
102,2022,6,124
103,2022,6,49
104,2022,6,29
105,2022,6,54
106,2022,6,151
107,2022,6,9
108,2022,6,37
109,2022,6,160
110,2022,6,209
111,2022,6,76
112,2022,6,219
113,2022,6,283
114,2022,6,16
115,2022,6,417
1,2022,6,1170
2,2022,6,507
3,2022,6,940
4,2022,6,688
5,2022,6,364
6,2022,6,51
7,2022,6,123
8,2022,6,154
9,2022,6,192
10,2022,6,342
11,2022,6,220
12,2022,6,425
13,2022,6,741
14,2022,6,911
15,2022,6,135
16,2022,6,912
17,2022,6,673
18,2022,6,637
19,2022,6,160
20,2022,6,255
21,2022,6,269
22,2022,6,63
23,2022,6,43
24,2022,6,686
25,2022,6,296
26,2022,6,275
27,2022,6,172
28,2022,6,645
29,2022,6,700
30,2022,6,308
31,2022,6,444
32,2022,6,1034
33,2022,6,799
34,2022,6,1022
35,2022,6,293
36,2022,6,313
37,2022,6,167
38,2022,6,335
39,2022,6,430
40,2022,6,1091
41,2022,6,134
45,2024,5,116
46,2024,5,192
47,2024,5,349
48,2024,5,193
49,2024,5,135
50,2024,5,1832
51,2024,5,679
52,2024,5,373
53,2024,5,509
54,2024,5,639
55,2024,5,824
56,2024,5,447
57,2024,5,202
58,2024,5,596
59,2024,5,337
60,2024,5,592
61,2024,5,306
62,2024,5,802
63,2024,5,253
64,2024,5,430
65,2024,5,618
66,2024,5,272
67,2024,5,560
68,2024,5,619
69,2024,5,168
70,2024,5,389
71,2024,5,101
72,2024,5,209
73,2024,5,547
74,2024,5,1164
75,2024,5,651
76,2024,5,532
77,2024,5,761
78,2024,5,459
79,2024,5,348
80,2024,5,482
81,2024,5,281
82,2024,5,505
83,2024,5,371
84,2024,5,444
85,2024,5,166
86,2024,5,1007
87,2024,5,939
88,2024,5,1294
89,2024,5,1058
90,2024,5,992
91,2024,5,912
92,2024,5,193
93,2024,5,1307
94,2024,5,2079
95,2024,5,1771
96,2024,5,75
97,2024,5,68
98,2024,5,612
99,2024,5,519
100,2024,5,548
101,2024,5,183
102,2024,5,246
103,2024,5,99
104,2024,5,57
105,2024,5,163
106,2024,5,126
107,2024,5,101
108,2024,5,46
109,2024,5,401
110,2024,5,306
111,2024,5,126
112,2024,5,269
113,2024,5,410
114,2024,5,53
1,2024,5,1530
2,2024,5,1336
3,2024,5,639
4,2024,5,737
5,2024,5,798
6,2024,5,183
7,2024,5,370
8,2024,5,673
9,2024,5,285
10,2024,5,236
11,2024,5,288
12,2024,5,310
13,2024,5,167
14,2024,5,1148
15,2024,5,95
16,2024,5,1678
17,2024,5,428
18,2024,5,778
19,2024,5,504
20,2024,5,202
21,2024,5,258
22,2024,5,107
23,2024,5,127
24,2024,5,785
25,2024,5,244
26,2024,5,463
27,2024,5,391
28,2024,5,470
29,2024,5,411
30,2024,5,400
31,2024,5,333
32,2024,5,1676
33,2024,5,1079
34,2024,5,720
35,2024,5,317
36,2024,5,1508
37,2024,5,430
38,2024,5,585
39,2024,5,548
40,2024,5,1030
41,2024,5,441
42,2024,5,329
43,2024,5,676
44,2024,5,779
115,2024,5,278
45,2023,5,141
46,2023,5,275
47,2023,5,444
48,2023,5,79
49,2023,5,100
50,2023,5,1459
51,2023,5,689
52,2023,5,218
53,2023,5,252
54,2023,5,396
55,2023,5,886
56,2023,5,530
57,2023,5,356
58,2023,5,293
59,2023,5,123
60,2023,5,520
61,2023,5,1059
62,2023,5,633
63,2023,5,338
64,2023,5,1015
65,2023,5,168
66,2023,5,164
67,2023,5,366
68,2023,5,550
69,2023,5,145
70,2023,5,93
71,2023,5,215
72,2023,5,429
73,2023,5,283
74,2023,5,788
75,2023,5,715
76,2023,5,396
77,2023,5,743
78,2023,5,448
79,2023,5,127
80,2023,5,184
81,2023,5,53
82,2023,5,386
83,2023,5,308
84,2023,5,219
85,2023,5,226
86,2023,5,466
87,2023,5,853
88,2023,5,790
89,2023,5,1551
90,2023,5,2002
91,2023,5,1105
92,2023,5,329
93,2023,5,974
94,2023,5,1791
95,2023,5,2316
96,2023,5,112
97,2023,5,80
98,2023,5,350
99,2023,5,599
100,2023,5,523
101,2023,5,283
102,2023,5,93
103,2023,5,45
104,2023,5,40
105,2023,5,179
106,2023,5,96
107,2023,5,40
108,2023,5,20
109,2023,5,278
110,2023,5,183
111,2023,5,118
112,2023,5,141
113,2023,5,439
114,2023,5,34
115,2023,5,187
1,2023,5,751
2,2023,5,684
3,2023,5,387
4,2023,5,675
5,2023,5,214
6,2023,5,121
7,2023,5,395
8,2023,5,293
9,2023,5,181
10,2023,5,183
11,2023,5,300
12,2023,5,632
13,2023,5,684
14,2023,5,456
15,2023,5,316
16,2023,5,834
17,2023,5,426
18,2023,5,168
19,2023,5,771
20,2023,5,292
21,2023,5,115
22,2023,5,138
23,2023,5,109
24,2023,5,503
25,2023,5,443
26,2023,5,327
27,2023,5,81
28,2023,5,711
29,2023,5,247
30,2023,5,355
31,2023,5,628
32,2023,5,1363
33,2023,5,782
34,2023,5,990
35,2023,5,1163
36,2023,5,886
37,2023,5,316
38,2023,5,398
39,2023,5,366
40,2023,5,586
41,2023,5,247
42,2023,5,350
43,2023,5,294
44,2023,5,696
63,2022,5,343
64,2022,5,511
65,2022,5,352
66,2022,5,136
67,2022,5,374
68,2022,5,106
69,2022,5,79
70,2022,5,135
71,2022,5,128
72,2022,5,167
73,2022,5,94
74,2022,5,654
75,2022,5,297
76,2022,5,444
77,2022,5,391
78,2022,5,183
79,2022,5,102
80,2022,5,148
81,2022,5,158
82,2022,5,306
83,2022,5,151
84,2022,5,184
85,2022,5,91
86,2022,5,1206
87,2022,5,3560
88,2022,5,3376
89,2022,5,3810
90,2022,5,3742
91,2022,5,1663
92,2022,5,1091
93,2022,5,2000
94,2022,5,3381
95,2022,5,2363
96,2022,5,452
97,2022,5,289
98,2022,5,857
99,2022,5,741
100,2022,5,994
101,2022,5,99
102,2022,5,84
103,2022,5,17
104,2022,5,13
105,2022,5,133
106,2022,5,46
107,2022,5,39
108,2022,5,20
109,2022,5,172
110,2022,5,187
111,2022,5,44
112,2022,5,447
113,2022,5,334
114,2022,5,42
115,2022,5,189
1,2022,5,544
2,2022,5,474
3,2022,5,291
4,2022,5,751
5,2022,5,226
6,2022,5,12
7,2022,5,163
8,2022,5,166
9,2022,5,100
10,2022,5,152
11,2022,5,130
12,2022,5,355
13,2022,5,124
14,2022,5,314
15,2022,5,82
16,2022,5,892
17,2022,5,368
18,2022,5,251
19,2022,5,213
20,2022,5,111
21,2022,5,67
22,2022,5,33
23,2022,5,107
24,2022,5,590
25,2022,5,130
26,2022,5,129
27,2022,5,94
28,2022,5,260
29,2022,5,131
30,2022,5,120
31,2022,5,208
32,2022,5,575
33,2022,5,577
34,2022,5,341
35,2022,5,425
36,2022,5,638
37,2022,5,121
38,2022,5,86
39,2022,5,149
40,2022,5,883
41,2022,5,61
45,2024,4,184
46,2024,4,107
47,2024,4,730
48,2024,4,264
49,2024,4,59
50,2024,4,1834
51,2024,4,1003
52,2024,4,647
53,2024,4,1337
54,2024,4,1182
55,2024,4,1653
56,2024,4,667
57,2024,4,830
58,2024,4,468
59,2024,4,568
60,2024,4,1612
61,2024,4,1891
62,2024,4,1820
63,2024,4,957
64,2024,4,2630
65,2024,4,1350
66,2024,4,175
67,2024,4,779
68,2024,4,1461
69,2024,4,182
70,2024,4,359
71,2024,4,395
72,2024,4,549
73,2024,4,385
74,2024,4,1968
75,2024,4,1414
76,2024,4,1434
77,2024,4,1232
78,2024,4,708
79,2024,4,483
80,2024,4,807
81,2024,4,491
82,2024,4,1058
83,2024,4,892
84,2024,4,500
85,2024,4,530
86,2024,4,1318
87,2024,4,1561
88,2024,4,2375
89,2024,4,1108
90,2024,4,2422
91,2024,4,1036
92,2024,4,346
93,2024,4,1618
94,2024,4,2233
95,2024,4,1674
96,2024,4,360
97,2024,4,76
98,2024,4,275
99,2024,4,342
100,2024,4,609
101,2024,4,331
102,2024,4,313
103,2024,4,142
104,2024,4,101
105,2024,4,466
106,2024,4,265
107,2024,4,64
108,2024,4,60
109,2024,4,705
110,2024,4,529
111,2024,4,186
112,2024,4,1007
113,2024,4,843
114,2024,4,116
1,2024,4,1162
2,2024,4,2031
3,2024,4,1382
4,2024,4,1167
5,2024,4,461
6,2024,4,102
7,2024,4,512
8,2024,4,901
9,2024,4,556
10,2024,4,696
11,2024,4,488
12,2024,4,854
13,2024,4,914
14,2024,4,1007
15,2024,4,343
16,2024,4,1272
17,2024,4,1220
18,2024,4,828
19,2024,4,1022
20,2024,4,477
21,2024,4,254
22,2024,4,92
23,2024,4,152
24,2024,4,962
25,2024,4,585
26,2024,4,363
27,2024,4,413
28,2024,4,952
29,2024,4,868
30,2024,4,781
31,2024,4,501
32,2024,4,2286
33,2024,4,2138
34,2024,4,3164
35,2024,4,1370
36,2024,4,1911
37,2024,4,597
38,2024,4,267
39,2024,4,1134
40,2024,4,1255
41,2024,4,303
42,2024,4,476
43,2024,4,1200
44,2024,4,859
115,2024,4,1294
45,2023,4,300
46,2023,4,224
47,2023,4,841
48,2023,4,128
49,2023,4,244
50,2023,4,3060
51,2023,4,898
52,2023,4,1032
53,2023,4,943
54,2023,4,1058
55,2023,4,1217
56,2023,4,502
57,2023,4,436
58,2023,4,577
59,2023,4,397
60,2023,4,842
61,2023,4,1570
62,2023,4,1475
63,2023,4,717
64,2023,4,1139
65,2023,4,1252
66,2023,4,294
67,2023,4,479
68,2023,4,834
69,2023,4,252
70,2023,4,345
71,2023,4,533
72,2023,4,387
73,2023,4,591
74,2023,4,1982
75,2023,4,1392
76,2023,4,1220
77,2023,4,1160
78,2023,4,352
79,2023,4,178
80,2023,4,466
81,2023,4,385
82,2023,4,1296
83,2023,4,719
84,2023,4,395
85,2023,4,312
86,2023,4,1199
87,2023,4,2605
88,2023,4,4261
89,2023,4,1913
90,2023,4,2626
91,2023,4,1514
92,2023,4,707
93,2023,4,3085
94,2023,4,3046
95,2023,4,1507
96,2023,4,263
97,2023,4,171
98,2023,4,669
99,2023,4,820
100,2023,4,615
101,2023,4,368
102,2023,4,346
103,2023,4,97
104,2023,4,113
105,2023,4,453
106,2023,4,333
107,2023,4,86
108,2023,4,109
109,2023,4,530
110,2023,4,519
111,2023,4,155
112,2023,4,489
113,2023,4,917
114,2023,4,89
115,2023,4,1132
1,2023,4,1578
2,2023,4,1647
3,2023,4,883
4,2023,4,1010
5,2023,4,588
6,2023,4,145
7,2023,4,495
8,2023,4,454
9,2023,4,623
10,2023,4,751
11,2023,4,393
12,2023,4,1127
13,2023,4,656
14,2023,4,946
15,2023,4,601
16,2023,4,1495
17,2023,4,751
18,2023,4,1228
19,2023,4,693
20,2023,4,571
21,2023,4,421
22,2023,4,173
23,2023,4,133
24,2023,4,1094
25,2023,4,467
26,2023,4,370
27,2023,4,506
28,2023,4,790
29,2023,4,1449
30,2023,4,507
31,2023,4,682
32,2023,4,1671
33,2023,4,2025
34,2023,4,2252
35,2023,4,862
36,2023,4,1558
37,2023,4,927
38,2023,4,425
39,2023,4,1518
40,2023,4,1103
41,2023,4,340
42,2023,4,491
43,2023,4,686
44,2023,4,926
63,2022,4,613
64,2022,4,646
65,2022,4,289
66,2022,4,43
67,2022,4,173
68,2022,4,610
69,2022,4,112
70,2022,4,118
71,2022,4,208
72,2022,4,238
73,2022,4,272
74,2022,4,1044
75,2022,4,572
76,2022,4,529
77,2022,4,954
78,2022,4,209
79,2022,4,200
80,2022,4,247
81,2022,4,123
82,2022,4,1027
83,2022,4,210
84,2022,4,224
85,2022,4,120
86,2022,4,2999
87,2022,4,3508
88,2022,4,4068
89,2022,4,3512
90,2022,4,7933
91,2022,4,2790
92,2022,4,791
93,2022,4,3306
94,2022,4,4354
95,2022,4,5336
96,2022,4,491
97,2022,4,272
98,2022,4,1021
99,2022,4,1690
100,2022,4,1891
101,2022,4,93
102,2022,4,119
103,2022,4,33
104,2022,4,56
105,2022,4,279
106,2022,4,80
107,2022,4,42
108,2022,4,29
109,2022,4,340
110,2022,4,193
111,2022,4,55
112,2022,4,223
113,2022,4,125
114,2022,4,41
115,2022,4,364
1,2022,4,1386
2,2022,4,931
3,2022,4,414
4,2022,4,1113
5,2022,4,106
6,2022,4,63
7,2022,4,277
8,2022,4,464
9,2022,4,192
10,2022,4,296
11,2022,4,142
12,2022,4,937
13,2022,4,307
14,2022,4,459
15,2022,4,246
16,2022,4,295
17,2022,4,537
18,2022,4,410
19,2022,4,595
20,2022,4,479
21,2022,4,71
22,2022,4,69
23,2022,4,76
24,2022,4,336
25,2022,4,177
26,2022,4,366
27,2022,4,144
28,2022,4,376
29,2022,4,318
30,2022,4,357
31,2022,4,555
32,2022,4,918
33,2022,4,561
34,2022,4,1907
35,2022,4,883
36,2022,4,1218
37,2022,4,287
38,2022,4,257
39,2022,4,492
40,2022,4,1127
41,2022,4,318
45,2024,3,234
46,2024,3,127
47,2024,3,402
48,2024,3,259
49,2024,3,111
50,2024,3,1423
51,2024,3,1133
52,2024,3,363
53,2024,3,1038
54,2024,3,521
55,2024,3,1432
56,2024,3,456
57,2024,3,494
58,2024,3,525
59,2024,3,416
60,2024,3,448
61,2024,3,1568
62,2024,3,1010
63,2024,3,362
64,2024,3,1815
65,2024,3,860
66,2024,3,404
67,2024,3,452
68,2024,3,638
69,2024,3,29
70,2024,3,483
71,2024,3,336
72,2024,3,249
73,2024,3,171
74,2024,3,910
75,2024,3,1108
76,2024,3,680
77,2024,3,609
78,2024,3,619
79,2024,3,322
80,2024,3,396
81,2024,3,303
82,2024,3,716
83,2024,3,495
84,2024,3,626
85,2024,3,497
86,2024,3,1446
87,2024,3,659
88,2024,3,1402
89,2024,3,1025
90,2024,3,1738
91,2024,3,947
92,2024,3,327
93,2024,3,1010
94,2024,3,1655
95,2024,3,788
96,2024,3,206
97,2024,3,69
98,2024,3,472
99,2024,3,360
100,2024,3,538
101,2024,3,361
102,2024,3,278
103,2024,3,74
104,2024,3,38
105,2024,3,229
106,2024,3,95
107,2024,3,58
108,2024,3,45
109,2024,3,450
110,2024,3,448
111,2024,3,97
112,2024,3,903
113,2024,3,686
114,2024,3,67
1,2024,3,1318
2,2024,3,655
3,2024,3,1005
4,2024,3,1262
5,2024,3,561
6,2024,3,161
7,2024,3,195
8,2024,3,370
9,2024,3,362
10,2024,3,514
11,2024,3,249
12,2024,3,1361
13,2024,3,666
14,2024,3,718
15,2024,3,632
16,2024,3,1121
17,2024,3,574
18,2024,3,911
19,2024,3,642
20,2024,3,531
21,2024,3,358
22,2024,3,166
23,2024,3,65
24,2024,3,555
25,2024,3,657
26,2024,3,631
27,2024,3,370
28,2024,3,524
29,2024,3,595
30,2024,3,292
31,2024,3,946
32,2024,3,1348
33,2024,3,1146
34,2024,3,2314
35,2024,3,1198
36,2024,3,1088
37,2024,3,182
38,2024,3,384
39,2024,3,908
40,2024,3,1067
41,2024,3,343
42,2024,3,378
43,2024,3,505
44,2024,3,716
115,2024,3,756
45,2023,3,214
46,2023,3,158
47,2023,3,389
48,2023,3,187
49,2023,3,55
50,2023,3,1778
51,2023,3,608
52,2023,3,386
53,2023,3,476
54,2023,3,513
55,2023,3,585
56,2023,3,354
57,2023,3,277
58,2023,3,384
59,2023,3,329
60,2023,3,748
61,2023,3,916
62,2023,3,834
63,2023,3,442
64,2023,3,921
65,2023,3,368
66,2023,3,128
67,2023,3,368
68,2023,3,651
69,2023,3,170
70,2023,3,193
71,2023,3,174
72,2023,3,292
73,2023,3,472
74,2023,3,1073
75,2023,3,578
76,2023,3,717
77,2023,3,337
78,2023,3,317
79,2023,3,211
80,2023,3,241
81,2023,3,248
82,2023,3,569
83,2023,3,336
84,2023,3,320
85,2023,3,347
86,2023,3,1134
87,2023,3,3066
88,2023,3,2146
89,2023,3,1855
90,2023,3,2136
91,2023,3,1591
92,2023,3,538
93,2023,3,1315
94,2023,3,3094
95,2023,3,2074
96,2023,3,224
97,2023,3,86
98,2023,3,776
99,2023,3,865
100,2023,3,736
101,2023,3,213
102,2023,3,208
103,2023,3,108
104,2023,3,83
105,2023,3,215
106,2023,3,99
107,2023,3,92
108,2023,3,44
109,2023,3,401
110,2023,3,415
111,2023,3,204
112,2023,3,843
113,2023,3,524
114,2023,3,65
115,2023,3,708
1,2023,3,1096
2,2023,3,558
3,2023,3,407
4,2023,3,984
5,2023,3,185
6,2023,3,134
7,2023,3,291
8,2023,3,483
9,2023,3,338
10,2023,3,272
11,2023,3,347
12,2023,3,374
13,2023,3,368
14,2023,3,712
15,2023,3,326
16,2023,3,645
17,2023,3,237
18,2023,3,869
19,2023,3,763
20,2023,3,247
21,2023,3,224
22,2023,3,43
23,2023,3,65
24,2023,3,783
25,2023,3,257
26,2023,3,285
27,2023,3,218
28,2023,3,673
29,2023,3,566
30,2023,3,515
31,2023,3,655
32,2023,3,677
33,2023,3,2102
34,2023,3,919
35,2023,3,954
36,2023,3,1091
37,2023,3,190
38,2023,3,585
39,2023,3,532
40,2023,3,1058
41,2023,3,292
42,2023,3,380
43,2023,3,636
44,2023,3,599
63,2022,3,118
64,2022,3,591
65,2022,3,286
66,2022,3,131
67,2022,3,230
68,2022,3,305
69,2022,3,162
70,2022,3,227
71,2022,3,131
72,2022,3,209
73,2022,3,278
74,2022,3,645
75,2022,3,358
76,2022,3,367
77,2022,3,243
78,2022,3,206
79,2022,3,195
80,2022,3,281
81,2022,3,44
82,2022,3,676
83,2022,3,195
84,2022,3,92
85,2022,3,56
86,2022,3,2219
87,2022,3,4098
88,2022,3,4707
89,2022,3,3488
90,2022,3,4167
91,2022,3,1513
92,2022,3,747
93,2022,3,4360
94,2022,3,3648
95,2022,3,3519
96,2022,3,391
97,2022,3,135
98,2022,3,1377
99,2022,3,1002
100,2022,3,1429
101,2022,3,68
102,2022,3,163
103,2022,3,48
104,2022,3,25
105,2022,3,69
106,2022,3,44
107,2022,3,68
108,2022,3,20
109,2022,3,233
110,2022,3,190
111,2022,3,56
112,2022,3,427
113,2022,3,419
114,2022,3,29
115,2022,3,164
1,2022,3,750
2,2022,3,465
3,2022,3,241
4,2022,3,593
5,2022,3,156
6,2022,3,16
7,2022,3,125
8,2022,3,252
9,2022,3,272
10,2022,3,185
11,2022,3,87
12,2022,3,656
13,2022,3,241
14,2022,3,338
15,2022,3,143
16,2022,3,637
17,2022,3,554
18,2022,3,820
19,2022,3,268
20,2022,3,104
21,2022,3,78
22,2022,3,105
23,2022,3,54
24,2022,3,464
25,2022,3,245
26,2022,3,208
27,2022,3,214
28,2022,3,260
29,2022,3,324
30,2022,3,22
31,2022,3,210
32,2022,3,555
33,2022,3,605
34,2022,3,447
35,2022,3,313
36,2022,3,149
37,2022,3,288
38,2022,3,302
39,2022,3,220
40,2022,3,549
41,2022,3,116
45,2024,2,72
46,2024,2,62
47,2024,2,119
48,2024,2,117
49,2024,2,21
50,2024,2,304
51,2024,2,266
52,2024,2,180
53,2024,2,281
54,2024,2,56
55,2024,2,303
56,2024,2,82
57,2024,2,91
58,2024,2,96
59,2024,2,91
60,2024,2,522
61,2024,2,397
62,2024,2,45
63,2024,2,163
64,2024,2,195
65,2024,2,101
66,2024,2,253
67,2024,2,206
68,2024,2,447
69,2024,2,75
70,2024,2,227
71,2024,2,357
72,2024,2,89
73,2024,2,347
74,2024,2,918
75,2024,2,754
76,2024,2,319
77,2024,2,310
78,2024,2,202
79,2024,2,157
80,2024,2,290
81,2024,2,117
82,2024,2,92
83,2024,2,164
84,2024,2,88
85,2024,2,317
86,2024,2,84
87,2024,2,207
88,2024,2,217
89,2024,2,225
90,2024,2,138
91,2024,2,409
92,2024,2,138
93,2024,2,346
94,2024,2,871
95,2024,2,154
97,2024,2,52
99,2024,2,92
100,2024,2,260
101,2024,2,40
102,2024,2,41
104,2024,2,20
105,2024,2,45
106,2024,2,49
107,2024,2,13
108,2024,2,8
109,2024,2,284
110,2024,2,86
111,2024,2,3
112,2024,2,160
114,2024,2,6
1,2024,2,1044
2,2024,2,522
3,2024,2,145
4,2024,2,629
5,2024,2,142
6,2024,2,102
7,2024,2,467
8,2024,2,209
9,2024,2,338
10,2024,2,383
11,2024,2,33
12,2024,2,864
13,2024,2,450
14,2024,2,421
15,2024,2,107
16,2024,2,427
17,2024,2,312
18,2024,2,424
19,2024,2,253
20,2024,2,253
21,2024,2,256
22,2024,2,28
23,2024,2,40
24,2024,2,315
25,2024,2,112
26,2024,2,208
27,2024,2,241
28,2024,2,108
29,2024,2,219
30,2024,2,194
31,2024,2,143
32,2024,2,635
33,2024,2,192
34,2024,2,585
35,2024,2,220
36,2024,2,444
37,2024,2,52
38,2024,2,367
39,2024,2,319
40,2024,2,362
41,2024,2,211
42,2024,2,316
43,2024,2,106
44,2024,2,133
115,2024,2,138
45,2023,2,51
46,2023,2,34
47,2023,2,130
48,2023,2,36
49,2023,2,10
50,2023,2,201
51,2023,2,157
52,2023,2,238
53,2023,2,728
54,2023,2,31
55,2023,2,310
56,2023,2,127
57,2023,2,116
58,2023,2,252
59,2023,2,136
60,2023,2,108
61,2023,2,329
62,2023,2,456
63,2023,2,130
64,2023,2,337
65,2023,2,211
66,2023,2,41
67,2023,2,112
68,2023,2,184
69,2023,2,163
70,2023,2,18
71,2023,2,105
72,2023,2,46
73,2023,2,203
74,2023,2,313
75,2023,2,265
76,2023,2,115
77,2023,2,242
78,2023,2,221
79,2023,2,29
80,2023,2,40
81,2023,2,16
82,2023,2,184
83,2023,2,147
84,2023,2,74
85,2023,2,168
86,2023,2,459
87,2023,2,329
88,2023,2,468
89,2023,2,297
90,2023,2,703
91,2023,2,391
92,2023,2,161
93,2023,2,408
94,2023,2,414
95,2023,2,83
96,2023,2,82
97,2023,2,33
98,2023,2,228
99,2023,2,45
100,2023,2,309
101,2023,2,74
102,2023,2,24
103,2023,2,3
104,2023,2,1
105,2023,2,53
106,2023,2,50
108,2023,2,8
109,2023,2,62
111,2023,2,18
112,2023,2,94
113,2023,2,68
114,2023,2,15
115,2023,2,333
1,2023,2,977
2,2023,2,547
3,2023,2,235
4,2023,2,226
5,2023,2,315
6,2023,2,53
7,2023,2,20
8,2023,2,216
9,2023,2,151
10,2023,2,114
11,2023,2,154
12,2023,2,536
13,2023,2,186
14,2023,2,119
15,2023,2,312
16,2023,2,660
17,2023,2,60
18,2023,2,32
19,2023,2,293
20,2023,2,197
21,2023,2,237
22,2023,2,65
23,2023,2,126
24,2023,2,321
25,2023,2,472
26,2023,2,274
27,2023,2,138
28,2023,2,387
29,2023,2,338
30,2023,2,139
31,2023,2,304
32,2023,2,614
33,2023,2,126
34,2023,2,609
35,2023,2,228
36,2023,2,279
37,2023,2,386
38,2023,2,384
39,2023,2,277
40,2023,2,978
41,2023,2,155
42,2023,2,98
43,2023,2,163
44,2023,2,146
63,2022,2,131
64,2022,2,183
65,2022,2,254
66,2022,2,81
67,2022,2,73
68,2022,2,293
69,2022,2,60
70,2022,2,143
71,2022,2,99
72,2022,2,126
73,2022,2,70
74,2022,2,446
75,2022,2,302
76,2022,2,173
77,2022,2,381
78,2022,2,29
79,2022,2,44
80,2022,2,160
81,2022,2,64
82,2022,2,154
83,2022,2,229
84,2022,2,177
85,2022,2,161
86,2022,2,1133
87,2022,2,1211
88,2022,2,547
89,2022,2,1217
90,2022,2,1954
91,2022,2,934
92,2022,2,372
93,2022,2,636
94,2022,2,863
95,2022,2,949
96,2022,2,100
97,2022,2,26
98,2022,2,470
99,2022,2,246
100,2022,2,817
101,2022,2,47
102,2022,2,45
104,2022,2,18
105,2022,2,13
106,2022,2,17
108,2022,2,4
109,2022,2,46
110,2022,2,50
111,2022,2,32
114,2022,2,6
115,2022,2,59
1,2022,2,403
2,2022,2,77
3,2022,2,280
4,2022,2,371
5,2022,2,90
6,2022,2,31
7,2022,2,87
8,2022,2,195
9,2022,2,19
10,2022,2,53
11,2022,2,41
12,2022,2,94
13,2022,2,358
14,2022,2,172
15,2022,2,344
16,2022,2,765
17,2022,2,342
18,2022,2,311
19,2022,2,177
20,2022,2,51
21,2022,2,110
22,2022,2,18
23,2022,2,69
24,2022,2,518
25,2022,2,163
26,2022,2,25
27,2022,2,159
28,2022,2,219
29,2022,2,103
30,2022,2,80
31,2022,2,143
32,2022,2,227
33,2022,2,808
34,2022,2,456
35,2022,2,436
36,2022,2,561
37,2022,2,437
38,2022,2,152
39,2022,2,484
40,2022,2,392
41,2022,2,173
45,2024,1,71
46,2024,1,19
47,2024,1,200
48,2024,1,78
49,2024,1,50
50,2024,1,781
51,2024,1,559
52,2024,1,123
53,2024,1,99
54,2024,1,63
55,2024,1,65
56,2024,1,317
57,2024,1,100
58,2024,1,167
59,2024,1,85
60,2024,1,93
61,2024,1,632
62,2024,1,945
63,2024,1,293
64,2024,1,246
65,2024,1,382
66,2024,1,128
67,2024,1,53
68,2024,1,712
69,2024,1,32
70,2024,1,134
71,2024,1,167
72,2024,1,123
73,2024,1,454
74,2024,1,391
75,2024,1,1032
76,2024,1,379
77,2024,1,478
78,2024,1,267
79,2024,1,199
80,2024,1,297
81,2024,1,186
82,2024,1,545
83,2024,1,207
84,2024,1,304
85,2024,1,147
86,2024,1,522
87,2024,1,238
88,2024,1,410
89,2024,1,795
90,2024,1,1490
91,2024,1,172
92,2024,1,55
93,2024,1,321
94,2024,1,1376
95,2024,1,438
96,2024,1,110
97,2024,1,11
98,2024,1,80
99,2024,1,169
100,2024,1,271
101,2024,1,42
102,2024,1,47
103,2024,1,47
104,2024,1,47
105,2024,1,70
106,2024,1,155
107,2024,1,18
108,2024,1,1
109,2024,1,207
110,2024,1,153
111,2024,1,35
112,2024,1,158
113,2024,1,173
114,2024,1,19
1,2024,1,627
2,2024,1,243
3,2024,1,347
4,2024,1,307
5,2024,1,210
6,2024,1,58
7,2024,1,146
8,2024,1,457
9,2024,1,182
10,2024,1,243
11,2024,1,199
12,2024,1,179
13,2024,1,1060
14,2024,1,307
15,2024,1,105
16,2024,1,1608
17,2024,1,545
18,2024,1,573
19,2024,1,305
20,2024,1,298
21,2024,1,183
22,2024,1,36
23,2024,1,40
24,2024,1,238
25,2024,1,312
26,2024,1,238
27,2024,1,520
28,2024,1,322
29,2024,1,280
30,2024,1,195
31,2024,1,451
32,2024,1,685
33,2024,1,1451
34,2024,1,335
35,2024,1,742
36,2024,1,1057
37,2024,1,143
38,2024,1,126
39,2024,1,311
40,2024,1,596
41,2024,1,193
42,2024,1,119
43,2024,1,224
44,2024,1,345
115,2024,1,146
45,2023,1,80
46,2023,1,76
47,2023,1,102
48,2023,1,62
49,2023,1,35
50,2023,1,1001
51,2023,1,452
52,2023,1,324
53,2023,1,163
54,2023,1,313
55,2023,1,514
56,2023,1,150
57,2023,1,149
58,2023,1,138
59,2023,1,166
60,2023,1,477
61,2023,1,362
62,2023,1,218
63,2023,1,313
64,2023,1,812
65,2023,1,625
66,2023,1,148
67,2023,1,367
68,2023,1,359
69,2023,1,150
70,2023,1,106
71,2023,1,163
72,2023,1,154
73,2023,1,215
74,2023,1,461
75,2023,1,212
76,2023,1,373
77,2023,1,497
78,2023,1,219
79,2023,1,137
80,2023,1,204
81,2023,1,93
82,2023,1,550
83,2023,1,353
84,2023,1,206
85,2023,1,271
86,2023,1,668
87,2023,1,581
88,2023,1,729
89,2023,1,871
90,2023,1,1268
91,2023,1,340
92,2023,1,198
93,2023,1,460
94,2023,1,1246
95,2023,1,985
96,2023,1,191
97,2023,1,30
98,2023,1,799
99,2023,1,510
100,2023,1,509
101,2023,1,50
102,2023,1,64
103,2023,1,42
104,2023,1,34
105,2023,1,88
106,2023,1,106
107,2023,1,24
108,2023,1,13
109,2023,1,185
110,2023,1,9
111,2023,1,20
112,2023,1,206
113,2023,1,220
114,2023,1,15
115,2023,1,210
1,2023,1,697
2,2023,1,358
3,2023,1,640
4,2023,1,763
5,2023,1,266
6,2023,1,67
7,2023,1,245
8,2023,1,337
9,2023,1,51
10,2023,1,319
11,2023,1,152
12,2023,1,388
13,2023,1,273
14,2023,1,376
15,2023,1,282
16,2023,1,527
17,2023,1,766
18,2023,1,359
19,2023,1,714
20,2023,1,264
21,2023,1,280
22,2023,1,51
23,2023,1,75
24,2023,1,213
25,2023,1,186
26,2023,1,263
27,2023,1,202
28,2023,1,145
29,2023,1,430
30,2023,1,453
31,2023,1,253
32,2023,1,734
33,2023,1,511
34,2023,1,930
35,2023,1,485
36,2023,1,772
37,2023,1,284
38,2023,1,191
39,2023,1,385
40,2023,1,144
41,2023,1,105
42,2023,1,112
43,2023,1,277
44,2023,1,173
63,2022,1,166
64,2022,1,391
65,2022,1,227
66,2022,1,65
67,2022,1,124
68,2022,1,483
69,2022,1,24
70,2022,1,35
71,2022,1,79
72,2022,1,141
73,2022,1,46
74,2022,1,516
75,2022,1,267
76,2022,1,397
77,2022,1,219
78,2022,1,39
79,2022,1,35
80,2022,1,79
81,2022,1,187
82,2022,1,43
83,2022,1,75
84,2022,1,20
85,2022,1,90
86,2022,1,715
87,2022,1,638
88,2022,1,374
89,2022,1,457
90,2022,1,1070
91,2022,1,191
92,2022,1,480
93,2022,1,595
94,2022,1,556
95,2022,1,382
96,2022,1,131
97,2022,1,105
98,2022,1,522
99,2022,1,332
100,2022,1,670
101,2022,1,67
102,2022,1,18
103,2022,1,6
104,2022,1,11
105,2022,1,39
106,2022,1,60
108,2022,1,3
109,2022,1,168
110,2022,1,19
111,2022,1,4
112,2022,1,17
113,2022,1,42
114,2022,1,9
115,2022,1,174
1,2022,1,524
2,2022,1,337
3,2022,1,352
4,2022,1,202
5,2022,1,168
6,2022,1,41
7,2022,1,153
8,2022,1,72
9,2022,1,31
10,2022,1,71
11,2022,1,79
12,2022,1,342
13,2022,1,172
14,2022,1,126
15,2022,1,149
16,2022,1,512
17,2022,1,23
18,2022,1,182
19,2022,1,47
20,2022,1,48
21,2022,1,156
22,2022,1,38
23,2022,1,16
24,2022,1,195
25,2022,1,88
26,2022,1,64
27,2022,1,57
28,2022,1,70
29,2022,1,362
30,2022,1,135
31,2022,1,212
32,2022,1,866
33,2022,1,601
34,2022,1,121
35,2022,1,133
36,2022,1,152
37,2022,1,60
38,2022,1,51
39,2022,1,235
40,2022,1,568
41,2022,1,84
